specimen,bbox_diag_units,bbox_diag_um,mean_3d_thickness_vox,median_3d_thickness_vox,p10_3d_thickness_vox,p25_3d_thickness_vox,p75_3d_thickness_vox,p90_3d_thickness_vox,max_3d_thickness_vox,mean_3d_thickness_um,median_3d_thickness_um,p10_3d_thickness_um,p25_3d_thickness_um,p75_3d_thickness_um,p90_3d_thickness_um,max_3d_thickness_um,voxel_size_um,analysis_scale,effective_analysis_voxel_size_um,foreground_voxels_retained,connected_components_6n,fraction_removed_outside_largest_component,original_stack_shape_zyx,analysis_crop_start_zyx,analysis_crop_stop_zyx,analysis_crop_shape_zyx,obj_file,tif_file,thickness_definition,analysis_domain,runtime_seconds,family,Coxal wall hole,opening,opening_factor,log_size,log_median_thickness,log_p10_thickness,relative_thickness
Acalles_fallax,418.077743966358,510.054847638957,25.3637008666992,25.783576965332,8.88283061981201,15.7951760292053,34.310037612915,40.7992469787598,47.3286399841309,30.9437160491943,31.4559638977051,10.8370533561707,19.2701147556305,41.8582458877563,49.7750813140869,57.7409439086914,1.22,0.75,1.62666666666667,1009295,1,0,576x474x518,221x113x148,464x341x411,182x171x197,Acalles_fallax.obj,Acalles_fallax.tif,diameter_of_largest_inscribed_sphere_containing_voxel,complete_3d_coxa_mask_after_foreground_crop,9.64461350440979,Curculionidae,FALSE,FALSE,Absent,2.70761687952182,1.49770299770861,1.03491121161943,1.56103988759797
Adexius_scrobipennis,464.982795380646,567.279010364389,22.8650360107422,25.0143871307373,9.54672794342041,15.4665784835815,30.0140347480774,32.9804267883301,39.2824516296387,27.8953437805176,30.5175522994995,11.6470080909729,18.8692257499695,36.6171223926544,40.2361206817627,47.9245910644531,1.22,0.75,1.62666666666667,1166354,1,0,690x1031x749,275x193x256,521x503x513,184x232x193,Adexius_scrobipennis.obj,Adexius_scrobipennis.tif,diameter_of_largest_inscribed_sphere_containing_voxel,complete_3d_coxa_mask_after_foreground_crop,12.6198666095734,Curculionidae,TRUE,TRUE,Present,2.75379671472711,1.48454969751842,1.06621437716813,1.39032338272749
Anthribus_nebulosus,365.596772414637,446.028062345857,15.9394283294678,15.9732294082642,7.5169734954834,11.8493728637695,20.6103615760803,23.9270038604736,26.6666660308838,19.446102142334,19.4873398780823,9.17070766448975,14.4562348937988,25.144641122818,29.1909447097778,32.533332824707,1.22,0.75,1.62666666666667,444576,2,2.24932913761577e-06,597x785x694,183x392x177,353x569x457,128x133x210,Anthribus_nebulosus.obj,Anthribus_nebulosus.tif,diameter_of_largest_inscribed_sphere_containing_voxel,complete_3d_coxa_mask_after_foreground_crop,5.01119208335876,Anthribidae,FALSE,FALSE,Absent,2.64936218368649,1.28975255973758,0.962402849620378,1.07726086197379
Apion_frumentarium,569.404952560127,694.674042123354,20.3102874755859,20.2767486572266,13.7351419448853,17.4214611053467,22.78173828125,26.9268779754639,36.1724281311035,24.7785511016846,24.7376333618164,16.75687317276,21.2541825485229,27.793720703125,32.8507911300659,44.1303634643555,1.22,0.75,1.62666666666667,1810569,5,6.0754012526365e-06,616x811x754,203x328x183,469x645x584,200x238x301,Apion_frumentarium.obj,Apion_frumentarium.tif,diameter_of_largest_inscribed_sphere_containing_voxel,complete_3d_coxa_mask_after_foreground_crop,19.1787838935852,Brentidae,FALSE,FALSE,Absent,2.84178107090082,1.393358148524,1.22419298264115,0.957533169471727
Apion_haematodes,511.476294660857,624.001079486246,19.6734771728516,19.6887245178223,13.481183052063,16.9786520004272,21.9840021133423,25.9929084777832,34.6666679382324,24.0016422271729,24.0202439117432,16.4470433235168,20.7139554405212,26.8204825782776,31.7113483428955,42.2933349609375,1.22,0.75,1.62666666666667,1565402,5,2.55524764825044e-06,851x495x692,256x53x173,508x359x507,189x230x250,Apion_haematodes.obj,Apion_haematodes.tif,diameter_of_largest_inscribed_sphere_containing_voxel,complete_3d_coxa_mask_after_foreground_crop,15.4099068641663,Brentidae,FALSE,FALSE,Absent,2.79518534098774,1.38057741309962,1.21608783640802,1.01356706691849
Archarius_pyrrhoceras,346.741978998794,423.025214378529,12.5652589797974,13.2843923568726,7.3137490272522,10.1782331466675,15.1582820415497,16.4307079315186,21.3333339691162,15.3296165466309,16.2069586753845,8.92277381324768,12.4174444389343,18.4931040906906,20.0454636764526,26.026668548584,1.22,0.75,1.62666666666667,392462,2,5.09600880593819e-06,507x428x400,204x108x117,453x285x295,187x133x134,Archarius_pyrrhoceras.obj,Archarius_pyrrhoceras.tif,diameter_of_largest_inscribed_sphere_containing_voxel,complete_3d_coxa_mask_after_foreground_crop,3.46220231056213,Curculionidae,FALSE,FALSE,Absent,2.62636625422871,1.20970152475469,0.950499884031222,0.934903280659205
Aspidapion_validum,552.254470330481,673.750453803187,21.5032215118408,22.8216114044189,13.5771440505981,18.6666660308838,24.9177722930908,26.5367351531982,35.7770881652832,26.2339305877686,27.8423659133911,16.5641157417297,22.7733325576782,30.3996821975708,32.3748168869019,43.6480484008789,1.22,0.75,1.62666666666667,1873597,3,1.60119555936422e-06,838x596x685,385x177x213,684x455x595,224x208x286,Aspidapion_validum.obj,Aspidapion_validum.tif,diameter_of_largest_inscribed_sphere_containing_voxel,complete_3d_coxa_mask_after_foreground_crop,18.6067669391632,Brentidae,FALSE,FALSE,Absent,2.82849907071302,1.4447061368104,1.21916825647287,1.10454961227579
Barypeithes_araneiformis,391.970662167464,478.204207844306,14.2179555892944,15.4236998558044,7.64362668991089,11.598620891571,17.3802304267883,18.663454246521,21.3333339691162,17.3459053039551,18.8169138240814,9.32522456169128,14.1503174877167,21.2038811206818,22.7694141807556,26.026668548584,1.22,0.75,1.62666666666667,578268,2,5.18787903935891e-06,440x534x505,134x199x102,329x397x388,146x148x214,Barypeithes_araneiformis.obj,Barypeithes_araneiformis.tif,diameter_of_largest_inscribed_sphere_containing_voxel,complete_3d_coxa_mask_after_foreground_crop,5.05501699447632,Curculionidae,TRUE,TRUE,Present,2.67961339326767,1.27454839597338,0.969659298896714,0.983521995985527
Basilogeus_dacrycarpi,146.417212102949,178.628998765598,6.40296697616577,5.96284818649292,4.89924812316895,5.33333349227905,7.05189490318298,8.60439968109131,10.994948387146,7.81161975860596,7.27467478752136,5.97708271026611,6.50666686058044,8.60331178188324,10.4973676109314,13.4138374328613,1.22,0.75,1.62666666666667,35898,1,0,311x169x180,122x61x25,196x142x132,56x61x80,Basilogeus_dacrycarpi.obj,Basilogeus_dacrycarpi.tif,diameter_of_largest_inscribed_sphere_containing_voxel,complete_3d_coxa_mask_after_foreground_crop,0.269622087478638,Nemonychidae,FALSE,FALSE,Absent,2.25195196396779,0.861813583067996,0.776489265598386,0.839537059299321
Brachysomus_hirtus,344.728878975928,420.569232350632,13.5657339096069,14.6978025436401,6.23167943954468,10.3433895111084,17.0370707511902,18.6356620788574,21.4993534088135,16.5501956939697,17.931319103241,7.60264891624451,12.6189352035522,20.785226316452,22.7355077362061,26.229211807251,1.22,0.75,1.62666666666667,395102,1,0,593x349x485,213x121x155,424x295x376,158x130x166,Brachysomus_hirtus.obj,Brachysomus_hirtus.tif,diameter_of_largest_inscribed_sphere_containing_voxel,complete_3d_coxa_mask_after_foreground_crop,3.43625378608704,Curculionidae,TRUE,TRUE,Present,2.62383749776281,1.25361223926583,0.880964935606023,1.039229365889
Brachytemnus_porcatus,550.619650938831,671.755974145374,22.8596343994141,23.6187314987183,9.07442092895508,15.5413150787354,29.6123414039612,35.9789939880371,42.2479438781738,27.8887538909912,28.8148524284363,11.0707935333252,18.9604043960571,36.1270565128326,43.8943726654053,51.5424919128418,1.22,0.75,1.62666666666667,1429118,7,0.000123837276419514,468x547x553,153x108x109,448x450x439,221x256x248,Brachytemnus_porcatus.obj,Brachytemnus_porcatus.tif,diameter_of_largest_inscribed_sphere_containing_voxel,complete_3d_coxa_mask_after_foreground_crop,18.3672528266907,Curculionidae,FALSE,FALSE,Absent,2.82721153744511,1.45961639973969,1.04417875139299,1.14585884452838
Brentus,1147.32166370203,1399.73242971648,34.0207595825195,34.3546714782715,19.8049234390259,25.1434097290039,42.0405693054199,47.636157989502,60.9261817932129,41.5053291320801,41.9126992034912,24.1620065956116,30.6749598693848,51.2894945526123,58.1161127471924,74.3299407958984,1.22,0.75,1.62666666666667,13586058,97,3.29738933615431e-05,1081x945x990,148x201x162,887x754x855,554x415x520,Brentus.obj,Brentus.tif,diameter_of_largest_inscribed_sphere_containing_voxel,complete_3d_coxa_mask_after_foreground_crop,229.287116765976,Brentidae,FALSE,FALSE,Absent,3.14604502467563,1.62234563056503,1.38313299854241,0.92343384744573
Car_pini,399.733661329641,487.675066822162,14.3833913803101,15.0593452453613,8.799245262146,12.697639465332,16.8784694671631,18.5332164764404,22.9395351409912,17.547737121582,18.3724011993408,10.7350792198181,15.4911201477051,20.591732749939,22.6105241012573,27.9862327575684,1.22,0.75,1.62666666666667,586197,1,0,564x885x541,43x331x51,318x524x280,206x145x172,Car_pini.obj,Car_pini.tif,diameter_of_largest_inscribed_sphere_containing_voxel,complete_3d_coxa_mask_after_foreground_crop,4.68962168693542,Caridae,FALSE,FALSE,Absent,2.6881305521502,1.26416592056678,1.0308052536724,0.945258959282171
Cimberis_attelaboides,483.700320446452,590.114390944671,12.6720476150513,12.1776847839355,9.18898372650147,10.8906679153442,14.3236112594604,16.7577785491943,25.2982196807861,15.4598979949951,14.8567754364014,11.2105601463318,13.28661485672,17.4748057365417,20.4444898300171,30.8638286590576,1.22,0.75,1.62666666666667,815898,2,1.3481895652534e-05,628x737x528,103x293x101,330x598x411,170x229x232,Cimberis_attelaboides.obj,Cimberis_attelaboides.tif,diameter_of_largest_inscribed_sphere_containing_voxel,complete_3d_coxa_mask_after_foreground_crop,7.63217306137085,Nemonychidae,FALSE,FALSE,Absent,2.77093620577889,1.17192455894399,1.04962731307519,0.655698957392582
Cionus_tuberculosus,614.589293756408,749.798938382817,21.9395484924316,23.3392105102539,10.9378275871277,17.4880766868591,26.5445847511292,30.4576005935669,37.7123603820801,26.7662506103516,28.4738368225098,13.3441496562958,21.3354535579681,32.3843933963776,37.1582727241516,46.0090789794922,1.22,0.75,1.62666666666667,2022136,3,1.33520393756914e-05,625x829x771,209x350x227,484x710x653,206x270x320,Cionus_tuberculosus.obj,Cionus_tuberculosus.tif,diameter_of_largest_inscribed_sphere_containing_voxel,complete_3d_coxa_mask_after_foreground_crop,20.0237934589386,Curculionidae,FALSE,FALSE,Absent,2.87494482118181,1.45444599185971,1.12529090398753,1.03649287189418
Cleopus_solani,423.832514090177,517.075667190016,17.1635589599609,17.8590126037598,9.94890689849854,13.5014653205872,20.4830260276794,22.9854560852051,27.7128124237061,20.9395427703857,21.7879953765869,12.1376664161682,16.4717876911163,24.9892917537689,28.0422564239502,33.8096313476562,1.22,0.75,1.62666666666667,854454,1,0,408x482x493,95x178x172,323x399x463,171x166x218,Cleopus_solani.obj,Cleopus_solani.tif,diameter_of_largest_inscribed_sphere_containing_voxel,complete_3d_coxa_mask_after_foreground_crop,5.62040615081787,Curculionidae,FALSE,FALSE,Absent,2.7135541010021,1.33821727444381,1.08413519744773,1.06943072450174
Coeliodes_cinctus,510.244059250081,622.497752285099,20.725025177002,22.6772174835205,9.61480331420898,17.468581199646,25.3708209991455,27.3028163909912,33.5194816589355,25.2845306396484,27.666205329895,11.730060043335,21.3116690635681,30.9524016189575,33.3094359970093,40.8937683105469,1.22,0.75,1.62666666666667,1094435,4,1.46192017732583e-05,589x776x672,154x378x223,376x630x616,166x189x295,Coeliodes_cinctus.obj,Coeliodes_cinctus.tif,diameter_of_largest_inscribed_sphere_containing_voxel,complete_3d_coxa_mask_after_foreground_crop,9.57764744758606,Curculionidae,FALSE,FALSE,Absent,2.79413778762008,1.44194959581239,1.06930023516943,1.16968057055349
Coenorhinus_pauxillus,472.374851151075,576.297318404311,12.3238801956177,12.4149198532104,7.94127416610718,10.6280450820923,13.8305053710938,15.9552602767944,23.5513610839844,15.0351343154907,15.1462022209167,9.68835448265076,12.9662150001526,16.8732165527344,19.4654175376892,28.7326602935791,1.22,0.75,1.62666666666667,790032,4,1.13918138425761e-05,752x986x662,206x258x210,426x533x535,165x206x244,Coenorhinus_pauxillus.obj,Coenorhinus_pauxillus.tif,diameter_of_largest_inscribed_sphere_containing_voxel,complete_3d_coxa_mask_after_foreground_crop,8.33132672309875,Attelabidae,TRUE,TRUE,Present,2.76064659875033,1.18030375090679,0.986250020622477,0.681334150841617
Curculio_glandium,1011.60614865668,1234.15950136115,30.0244255065918,31.4613857269287,14.9818868637085,22.9904155731201,36.491870880127,41.8617164611816,53.4665031433105,36.6297988891602,38.382890586853,18.2779019737244,28.0483069992065,44.5200824737549,51.0712940826416,65.229133605957,1.22,0.75,1.62666666666667,7691833,27,1.00105175437903e-05,757x1039x916,45x236x106,558x895x689,385x494x437,Curculio_glandium.obj,Curculio_glandium.tif,diameter_of_largest_inscribed_sphere_containing_voxel,complete_3d_coxa_mask_after_foreground_crop,126.356705188751,Curculionidae,TRUE,TRUE,Present,3.09137129104616,1.58413767802447,1.26192634383074,0.935782242106614
Dorytomus_taeniatus,503.096412231294,613.777622922178,16.872631072998,17.5341892242432,8.3973913192749,13.3144998550415,20.3301105499268,23.1723491668701,33.0924644470215,20.5846099853516,21.3917108535767,10.2448174095154,16.2436898231506,24.8027348709106,28.2702659835815,40.3728065490723,1.22,0.75,1.62666666666667,1213925,2,8.23773442570896e-07,576x497x570,181x87x97,448x372x425,200x214x246,Dorytomus_taeniatus.obj,Dorytomus_taeniatus.tif,diameter_of_largest_inscribed_sphere_containing_voxel,complete_3d_coxa_mask_after_foreground_crop,10.6742715835571,Curculionidae,TRUE,TRUE,Present,2.78801105089514,1.33024551970733,1.01050422249841,0.914726491272472
Dryophthorus_corticalis,499.51976937855,609.414118641831,20.9115734100342,22.0699443817139,8.54978504180908,13.1988296508789,26.2585144042969,32.8685852050781,40.4420013427734,25.5121192932129,26.9253321456909,10.4307377510071,16.1025721740723,32.0353875732422,40.0996739501953,49.339241027832,1.22,0.75,1.62666666666667,908249,3,3.30304805273851e-06,506x707x925,257x89x518,457x441x822,150x264x228,Dryophthorus_corticalis.obj,Dryophthorus_corticalis.tif,diameter_of_largest_inscribed_sphere_containing_voxel,complete_3d_coxa_mask_after_foreground_crop,9.80667543411255,Curculionidae,FALSE,FALSE,Absent,2.78491251154929,1.43016106937581,1.01831502653395,1.15797484404694
Echinodera_hypocrita,745.931632255933,910.036591352238,34.5015029907227,34.3194141387939,15.5582927703857,24.7295360565186,45.3018226623535,52.9545467376709,60.3986778259277,42.0918350219727,41.8696852493286,18.9811171798706,30.1700339889526,55.2682236480713,64.6045470199585,73.6863861083984,1.22,0.75,1.62666666666667,4895194,40,0.000102539046542116,658x870x1079,201x252x293,598x634x806,298x286x385,Echinodera_hypocrita.obj,Echinodera_hypocrita.tif,diameter_of_largest_inscribed_sphere_containing_voxel,complete_3d_coxa_mask_after_foreground_crop,51.4628112316132,Curculionidae,TRUE,TRUE,Present,2.9590588550715,1.62189969614335,1.27832177030278,1.30425550136942
Echinodera_micros,403.492255192092,492.260551334352,24.0180397033691,25.8834991455078,8.9476448059082,16.6027870178223,32.6614437103271,36.355542755127,38.1808586120605,29.3020095825195,31.5778689575195,10.916126663208,20.2554001617432,39.8469613265991,44.3537621612549,46.5806503295898,1.22,0.75,1.62666666666667,869347,4,3.45085408637313e-06,600x413x468,144x156x122,397x383x352,190x170x172,Echinodera_micros.obj,Echinodera_micros.tif,diameter_of_largest_inscribed_sphere_containing_voxel,complete_3d_coxa_mask_after_foreground_crop,5.80749869346619,Curculionidae,FALSE,FALSE,Absent,2.69219503377344,1.49938281816062,1.03806856628085,1.61249517335979
Euparius_paganus,347.449276873618,423.888117785814,13.6872615814209,14.2009749412537,7.23826007843018,9.97775363922119,17.0749988555908,20.0694704055786,24.1476955413818,16.6984596252441,17.3251894283295,8.83067729568481,12.1728594398499,20.8314986038208,24.4847538948059,29.4601898193359,1.22,0.75,1.62666666666667,369274,2,2.70800893642509e-06,253x487x421,58x165x89,213x337x357,116x129x201,Euparius_paganus.obj,Euparius_paganus.tif,diameter_of_largest_inscribed_sphere_containing_voxel,complete_3d_coxa_mask_after_foreground_crop,2.35386753082275,Anthribidae,FALSE,FALSE,Absent,2.6272512428188,1.23867799175302,0.945994014392749,0.997771989569046
Euplatypus_parallelus,511.470429252757,623.993923688364,10.3471040725708,9.09802007675171,6.31631803512573,7.56293928623199,12.7730040550232,15.8896818161011,21.8276062011719,12.6234674453735,11.0995844936371,7.70590800285339,9.22678592920303,15.5830649471283,19.3854118156433,26.6296806335449,1.22,0.75,1.62666666666667,740284,2,9.45574105315483e-06,496x566x638,116x124x176,388x460x464,204x252x216,Euplatypus_parallelus.obj,Euplatypus_parallelus.tif,diameter_of_largest_inscribed_sphere_containing_voxel,complete_3d_coxa_mask_after_foreground_crop,9.07692575454712,Curculionidae,TRUE,TRUE,Present,2.79518036064162,1.04530672153457,0.886823819874021,0.468366479258994
Hylesinus_crenatus,731.035566850205,891.86339155725,23.5575675964355,25.1889142990112,11.3029642105103,17.8885440826416,28.9340438842773,32.876655960083,38.273868560791,28.7402324676514,30.7304754447937,13.7896163368225,21.8240237808228,35.2995335388184,40.1095202713013,46.6941223144531,1.22,0.75,1.62666666666667,3112064,6,4.81992905709827e-06,742x705x588,142x179x19,470x617x514,246x328x371,Hylesinus_crenatus.obj,Hylesinus_crenatus.tif,diameter_of_largest_inscribed_sphere_containing_voxel,complete_3d_coxa_mask_after_foreground_crop,34.2026596069336,Curculionidae,FALSE,FALSE,Absent,2.95029833774344,1.4875692794706,1.13955218313605,0.972923752063843
Hylurgops_palliatus,478.349244799237,583.586078655069,16.2610530853271,16.993673324585,8,13.2238168716431,19.0822095870972,23.3874912261963,29.8142395019531,19.8384857177734,20.7322814559937,9.76,16.1330565834045,23.2802956962585,28.5327392959595,36.3733749389648,1.22,0.75,1.62666666666667,962296,2,3.11753415516147e-06,408x492x697,92x149x175,335x384x523,182x176x261,Hylurgops_palliatus.obj,Hylurgops_palliatus.tif,diameter_of_largest_inscribed_sphere_containing_voxel,complete_3d_coxa_mask_after_foreground_crop,8.04053521156311,Curculionidae,FALSE,FALSE,Absent,2.76610492332526,1.31664709607504,0.989449817666692,0.923236753427881
Hypera_postica,753.798381531826,919.634025468828,25.7250499725342,26.5632400512695,12.961163520813,19.9417171478271,32.4102020263672,35.9262901306152,42.2479438781738,31.3845615386963,32.4071528625488,15.8126194953918,24.3288949203491,39.540446472168,43.8300739593506,51.5424919128418,1.22,0.75,1.62666666666667,4054589,30,3.25546443269431e-05,738x835x1043,152x137x186,536x635x614,288x374x321,Hypera_postica.obj,Hypera_postica.tif,diameter_of_largest_inscribed_sphere_containing_voxel,complete_3d_coxa_mask_after_foreground_crop,43.9911789894104,Curculionidae,FALSE,FALSE,Absent,2.96361503132276,1.51064087767217,1.19900382047994,1.00101154485479
Larinus_turbinatus,1097.29622253975,1338.70139149849,38.7291603088379,41.1741600036621,17.0749988555908,27.8371052742004,48.4972229003906,57.9961128234863,68.818603515625,47.2495765686035,50.2324752044678,20.8314986038208,33.9612684345245,59.1666119384766,70.7552576446533,83.9586944580078,1.22,0.75,1.62666666666667,11825802,48,8.03321726883244e-06,1075x1370x961,168x360x206,737x1067x835,427x530x472,Larinus_turbinatus.obj,Larinus_turbinatus.tif,diameter_of_largest_inscribed_sphere_containing_voxel,complete_3d_coxa_mask_after_foreground_crop,195.241203069687,Curculionidae,FALSE,FALSE,Absent,3.12668371481117,1.70098457854093,1.31872051392082,1.14714431746489
Leiosoma_deflexum,508.042321071778,619.81163170757,30.9754314422607,33.8312568664551,15.4561950683594,22.9206881523132,39.472128868103,41.4451915740967,44.1411895751953,37.7900276184082,41.2741333770752,18.8565579833984,27.9632395458221,48.1559972190857,50.5631337203979,53.8522529602051,1.22,0.75,1.62666666666667,1875438,2,5.33205932662373e-06,623x701x769,205x238x282,476x505x629,203x200x260,Leiosoma_deflexum.obj,Leiosoma_deflexum.tif,diameter_of_largest_inscribed_sphere_containing_voxel,complete_3d_coxa_mask_after_foreground_crop,12.6732058525085,Curculionidae,FALSE,FALSE,Absent,2.79225972217595,1.61567796325511,1.27546242089119,1.75108113931307
Leperisinus_fraxini,359.473225706728,438.557335362208,11.1753149032593,11.4312925338745,5.96284818649292,8.95114612579346,13.2589426040649,15.6243944168091,20.9973545074463,13.6338844299316,13.9461768913269,7.27467478752136,10.920398273468,16.1759099769592,19.0617611885071,25.6167736053467,1.22,0.75,1.62666666666667,356187,2,2.80750614845005e-06,330x402x479,70x88x115,265x260x373,146x129x194,Leperisinus_fraxini.obj,Leperisinus_fraxini.tif,diameter_of_largest_inscribed_sphere_containing_voxel,complete_3d_coxa_mask_after_foreground_crop,3.09908413887024,Curculionidae,FALSE,FALSE,Absent,2.64202637946639,1.14445516943336,0.861813583067996,0.781491151551972
Limnobaris,485.635665906037,592.475512405365,16.5658054351807,17.1653270721436,8.75430507659912,12.5746784210205,19.9157657623291,23.3205104827881,30.1698894500732,20.2102832794189,20.9416990280151,10.6802521934509,15.341107673645,24.2972342300415,28.4510227890015,36.8072662353516,1.22,0.75,1.62666666666667,1030035,8,1.35915864196701e-05,580x636x689,44x180x326,292x429x671,186x187x259,Limnobaris.obj,Limnobaris.tif,diameter_of_largest_inscribed_sphere_containing_voxel,complete_3d_coxa_mask_after_foreground_crop,9.17448449134827,Curculionidae,TRUE,TRUE,Present,2.77267040523573,1.32101191366366,1.02858150783589,0.921291236065865
Lissorhoptrus_oryzophilus,511.252383857523,623.727908306178,22.8450984954834,23.9543218612671,12.8083921432495,18.6666660308838,27.7213344573975,29.8040523529053,33.9411277770996,27.871021270752,29.2242726707458,15.6262384147644,22.7733325576782,33.8200280380249,36.3609438705444,41.4081764221191,1.22,0.75,1.62666666666667,281824,2,7.0965773207865e-06,555x759x691,162x440x183,367x597x330,154x118x110,Lissorhoptrus_oryzophilus.obj,Lissorhoptrus_oryzophilus.tif,diameter_of_largest_inscribed_sphere_containing_voxel,complete_3d_coxa_mask_after_foreground_crop,6.99516916275024,Curculionidae,FALSE,FALSE,Absent,2.7949951767146,1.46574371131335,1.19385444620079,1.23359257941706
Listronotus,773.481738633822,943.647721133263,35.2069320678711,38.5405654907227,17.3431270599365,27.1740884780884,43.8176383972168,47.1022457122803,53.0659942626953,42.9524574279785,47.0194898986816,21.1586150131226,33.1523879432678,53.4575188446045,57.4647397689819,64.7405166625977,1.22,0.75,1.62666666666667,5157844,29,0.000621578701396563,667x685x739,118x121x72,660x666x606,406x409x400,Listronotus.obj,Listronotus.tif,diameter_of_largest_inscribed_sphere_containing_voxel,complete_3d_coxa_mask_after_foreground_crop,74.8680801391602,Curculionidae,FALSE,FALSE,Absent,2.97480989544034,1.6722779132749,1.32548723652742,1.42256298174069
Magdalis,518.993256218229,633.171772586239,16.7305221557617,17.3480205535889,8.80292911529541,13.3290033340454,20.4308071136475,23.06803855896,28.7208786010742,20.4112377166748,21.1645850753784,10.7395735206604,16.2613840675354,24.9255846786499,28.1430070419312,35.0394744873047,1.22,0.75,1.62666666666667,1153407,4,2.60098317161894e-06,535x528x704,162x145x81,407x397x472,184x189x293,Magdalis.obj,Magdalis.tif,diameter_of_largest_inscribed_sphere_containing_voxel,complete_3d_coxa_mask_after_foreground_crop,10.0945632457733,Curculionidae,TRUE,TRUE,Present,2.80152154535126,1.32560975869522,1.03098703543231,0.882649528738354
Merhynchites,730.452599420387,891.152171292872,18.373083114624,18.5290584564209,11.8835845947266,15.2209749221802,20.6151084899902,23.5321197509766,40.4420013427734,22.4151611328125,22.6054513168335,14.4979732055664,18.5695894050598,25.1504323577881,28.7091860961914,49.339241027832,1.22,0.75,1.62666666666667,2700449,16,0.000633566985830947,718x1009x1007,133x144x156,459x533x753,244x292x448,Merhynchites.obj,Merhynchites.tif,diameter_of_largest_inscribed_sphere_containing_voxel,complete_3d_coxa_mask_after_foreground_crop,37.9629471302032,Attelabidae,TRUE,TRUE,Present,2.94995186959246,1.35421318212695,1.16130729277548,0.716145704315271
Metapocyrtus_adspersus,839.503424650549,1024.19417807367,33.1338577270508,34.4106140136719,13.1469993591309,23.4759225845337,42.9057922363281,47.7294960021973,64,40.4233055114746,41.9809490966797,16.0393392181396,28.6406255531311,52.3450665283203,58.2299851226807,78.0800018310547,1.22,0.75,1.62666666666667,5620019,79,0.00526006785802591,693x904x929,146x109x146,693x657x787,410x411x481,Metapocyrtus_adspersus.obj,Metapocyrtus_adspersus.tif,diameter_of_largest_inscribed_sphere_containing_voxel,complete_3d_coxa_mask_after_foreground_crop,113.160397768021,Curculionidae,FALSE,FALSE,Absent,3.01038230280314,1.62305225279787,1.20518647243774,1.18914025805944
Mononychus_punctumalbum,886.669047615851,1081.73623809134,30.7272720336914,33.4719619750977,14.1284648895264,23.9549179077148,37.998405456543,42.2911430358887,50.1021156311035,37.4872741699219,40.8357936096191,17.2367271652222,29.2249998474121,46.3580546569824,51.5951945037842,61.124584197998,1.22,0.75,1.62666666666667,5527505,8,1.80913122804771e-06,865x766x1073,176x94x401,661x588x966,364x370x424,Mononychus_punctumalbum.obj,Mononychus_punctumalbum.tif,diameter_of_largest_inscribed_sphere_containing_voxel,complete_3d_coxa_mask_after_foreground_crop,74.1454627513885,Curculionidae,TRUE,TRUE,Present,3.03412137878732,1.61104100015788,1.23645480736933,1.10694805313409
Nanophyes_marmoratus,342.924189872922,418.367511644965,12.5418176651001,12.735782623291,7.83616495132446,10.4285960197449,14.1534461975098,17.0694980621338,24.1476955413818,15.3010177612305,15.537654800415,9.56012124061584,12.7228871440887,17.2672043609619,20.8247876358032,29.4601898193359,1.22,0.75,1.62666666666667,377091,7,7.15956278936059e-05,677x531x691,348x140x318,565x373x575,163x175x193,Nanophyes_marmoratus.obj,Nanophyes_marmoratus.tif,diameter_of_largest_inscribed_sphere_containing_voxel,complete_3d_coxa_mask_after_foreground_crop,4.36151361465454,Brentidae,FALSE,FALSE,Absent,2.62155795200372,1.19138546851253,0.980463399995406,0.904311800800431
Nedyus_quadrimaculatus,537.015828444563,655.159310702366,24.650598526001,27.3330478668213,10.994948387146,19.3134059906006,30.6104288101196,33.7119209289551,38.7355690002441,30.07373046875,33.346318397522,13.4138370323181,23.5623553085327,37.3447231483459,41.1285435333252,47.257396697998,1.22,0.75,1.62666666666667,1425420,11,5.61206594177355e-05,479x247x313,93x7x8,478x243x311,289x177x227,Nedyus_quadrimaculatus.obj,Nedyus_quadrimaculatus.tif,diameter_of_largest_inscribed_sphere_containing_voxel,complete_3d_coxa_mask_after_foreground_crop,10.9901959896088,Curculionidae,FALSE,FALSE,Absent,2.81634691731438,1.52304789258837,1.12755302569668,1.35301184982602
Neochetina,767.479641423797,936.325162537032,26.4474315643311,27.5513458251953,12.2918310165405,21.183032989502,32.5508155822754,37.6694717407227,45.0974273681641,32.265869140625,33.6126419067383,14.9960338401794,25.8433002471924,39.711995010376,45.9567555236816,55.0188636779785,1.22,0.75,1.62666666666667,3815236,61,0.00644326608121193,572x838x715,102x0x137,460x651x619,268x488x362,Neochetina.obj,Neochetina.tif,diameter_of_largest_inscribed_sphere_containing_voxel,complete_3d_coxa_mask_after_foreground_crop,52.2365474700928,Curculionidae,FALSE,FALSE,Absent,2.97142669464863,1.52650264875113,1.1759764117833,1.02333428638584
Orchestes_testaceus,416.784116779898,508.476622471476,17.8779449462891,19.9007053375244,9.41949701309204,13.5496730804443,22.3120470046997,23.383752822876,26.5329971313477,21.8110942840576,24.2788605117798,11.4917863559723,16.5306011581421,27.2206973457336,28.5281784439087,32.3702583312988,1.22,0.75,1.62666666666667,792086,2,1.00998113859996e-05,450x411x431,87x81x105,309x317x378,166x177x205,Orchestes_testaceus.obj,Orchestes_testaceus.tif,diameter_of_largest_inscribed_sphere_containing_voxel,complete_3d_coxa_mask_after_foreground_crop,5.04631042480469,Curculionidae,TRUE,TRUE,Present,2.70627099075921,1.38522829998728,1.06038754341765,1.20787466404389
Ormiscus_saltator,321.94564758667,392.773690055737,13.5085563659668,14.6371269226074,6.43607091903687,10.4533405303955,17.0562019348145,18.0492324829102,20.4830551147461,16.4804382324219,17.8572948455811,7.85200652122498,12.7530754470825,20.8085663604736,22.0200636291504,24.9893283843994,1.22,0.75,1.62666666666667,335725,1,0,422x385x272,68x111x86,300x284x242,174x130x117,Ormiscus_saltator.obj,Ormiscus_saltator.tif,diameter_of_largest_inscribed_sphere_containing_voxel,complete_3d_coxa_mask_after_foreground_crop,2.02322316169739,Anthribidae,FALSE,FALSE,Absent,2.59414238887485,1.25181566941151,0.894980651617073,1.09345315037529
Otiorhynchus_singularis,927.599590340574,1131.6715002155,11.1997423171997,10.5681657791138,7.27354001998901,8.4756326675415,12.1822633743286,16.7332015991211,32.2214546203613,13.663685798645,12.8931622505188,8.8737188243866,10.3402718544006,14.8623613166809,20.4145059509277,39.3101768493652,1.22,0.75,1.62666666666667,2927547,45,0.000644492880026326,598x747x798,54x123x93,525x747x676,353x468x437,Otiorhynchus_singularis.obj,Otiorhynchus_singularis.tif,diameter_of_largest_inscribed_sphere_containing_voxel,complete_3d_coxa_mask_after_foreground_crop,82.0879833698273,Curculionidae,FALSE,FALSE,Absent,3.05372037884157,1.11035944796003,0.948105663398794,0.337039794088559
Oxystoma,390.114085877452,475.939184770491,16.9205188751221,17.8878040313721,10.3322389602661,14.6992893218994,19.528660774231,21.2125228881836,27.8408184051514,20.6430339813232,21.8231209182739,12.6053315315247,17.9331329727173,23.8249661445618,25.879277923584,33.9657974243164,1.22,0.75,1.62666666666667,672503,1,0,439x565x461,141x140x143,342x426x331,151x214x141,Oxystoma.obj,Oxystoma.tif,diameter_of_largest_inscribed_sphere_containing_voxel,complete_3d_coxa_mask_after_foreground_crop,4.26922178268433,Brentidae,FALSE,FALSE,Absent,2.67755146237185,1.3389168590233,1.10055427249706,1.14501469339585
Paramechoris_hirtus,671.096863351335,818.738173288628,21.324951171875,21.0609569549561,12.4941896438599,17.5017395019531,25.218523979187,30.8483470916748,35.4776916503906,26.0164413452148,25.6943674850464,15.242911365509,21.3521221923828,30.7665992546082,37.6349834518433,43.2827835083008,1.22,0.75,1.62666666666667,339647,2,5.88843188109589e-06,705x637x793,284x337x93,506x511x277,166x130x138,Paramechoris_hirtus.obj,Paramechoris_hirtus.tif,diameter_of_largest_inscribed_sphere_containing_voxel,complete_3d_coxa_mask_after_foreground_crop,12.2004134654999,Attelabidae,TRUE,TRUE,Present,2.91314503964096,1.40983793118114,1.18306792430146,0.871428605129219
Parethelcus_pollinarius,661.883675580536,807.498084208254,25.5602874755859,27.4493160247803,12.2169885635376,21.2028656005859,31.3238201141357,34.2540855407715,38.4592132568359,31.1835517883301,33.4881655502319,14.9047260475159,25.8674960327148,38.2150605392456,41.7899843597412,46.9202423095703,1.22,0.75,1.62666666666667,2423011,7,6.60331065238662e-06,534x720x625,108x198x215,393x687x571,214x367x267,Parethelcus_pollinarius.obj,Parethelcus_pollinarius.tif,diameter_of_largest_inscribed_sphere_containing_voxel,complete_3d_coxa_mask_after_foreground_crop,21.5187983512878,Curculionidae,FALSE,FALSE,Absent,2.90714150063934,1.52489135795395,1.17332399800397,1.14845557714237
Perapion_curtirostre,250.067990754515,305.082948720508,13.2341394424438,13.5898399353027,9.18975477218628,11.7870500087738,14.5771131515503,15.9621706008911,21.4993534088135,16.1456508636475,16.5796047210693,11.2115008220673,14.380201010704,17.7840780448914,19.4738481330872,26.229211807251,1.22,0.75,1.62666666666667,232560,1,0,295x322x356,40x134x110,202x271x255,122x103x109,Perapion_curtirostre.obj,Perapion_curtirostre.tif,diameter_of_largest_inscribed_sphere_containing_voxel,complete_3d_coxa_mask_after_foreground_crop,1.1346218585968,Brentidae,FALSE,FALSE,Absent,2.48441793532667,1.21957417220311,1.04966375310468,1.24398699134678
Phaenomerus_foveipennis,414.695068695059,505.927983807972,17.2563610076904,17.7966575622559,6.26314163208008,11.1726450920105,22.3224668502808,28.0280347824097,32.5508155822754,21.0527610778809,21.7119222259521,7.64103279113769,13.6306270122528,27.2334095573425,34.1942024345398,39.7119941711426,1.22,0.75,1.62666666666667,654394,1,0,673x565x488,159x122x74,360x409x306,151x215x174,Phaenomerus_foveipennis.obj,Phaenomerus_foveipennis.tif,diameter_of_largest_inscribed_sphere_containing_voxel,complete_3d_coxa_mask_after_foreground_crop,5.91304159164429,Curculionidae,FALSE,FALSE,Absent,2.70408870170007,1.33669827463676,0.883152063441895,1.08454400088454
Phyllobius,565.915187991982,690.416529350218,16.0027046203613,17.1255207061768,8.78235912322998,12.8192644119263,19.5317497253418,21.1447429656982,27.1947708129883,19.5233001708984,20.8931352615356,10.7144781303406,15.63950258255,23.828734664917,25.7965864181519,33.177619934082,1.22,0.75,1.62666666666667,1341093,3,1.49131866122865e-06,636x761x600,317x66x206,585x478x500,201x309x220,Phyllobius.obj,Phyllobius.tif,diameter_of_largest_inscribed_sphere_containing_voxel,complete_3d_coxa_mask_after_foreground_crop,13.018691778183,Curculionidae,FALSE,FALSE,Absent,2.83911118033122,1.32000361588338,1.02997102272896,0.812731004999717
Polydrusus_marginatus,569.21964126337,694.447962341312,20.3634777069092,22.110315322876,9.22718954086304,15.277813911438,26.2451205253601,28.2803354263306,31.6649112701416,24.8434429168701,26.9745846939087,11.2571712398529,18.6389329719543,32.0190470409393,34.5020092201233,38.6311912536621,1.22,0.75,1.62666666666667,1610916,1,0,640x615x862,187x140x258,472x437x661,214x223x302,Polydrusus_marginatus.obj,Polydrusus_marginatus.tif,diameter_of_largest_inscribed_sphere_containing_voxel,complete_3d_coxa_mask_after_foreground_crop,14.4583609104156,Curculionidae,TRUE,TRUE,Present,2.84163970793578,1.43095476692187,1.05142927246352,1.04439347820386
Protapion,353.646716371013,431.448993972636,14.7348403930664,14.3604393005371,10.6280794143677,13.1879987716675,15.8118653297424,18.6269397735596,26.7996673583984,17.976505279541,17.5197359466553,12.9662568855286,16.0893585014343,19.2904757022858,22.7248665237427,32.6955947875977,1.22,0.75,1.62666666666667,519079,1,0,406x434x420,158x88x78,322x357x253,123x202x131,Protapion.obj,Protapion.tif,diameter_of_largest_inscribed_sphere_containing_voxel,complete_3d_coxa_mask_after_foreground_crop,3.07835674285889,Brentidae,FALSE,FALSE,Absent,2.63492946066406,1.24352755629697,1.11281462152898,0.994729224555614
Proterhinus,220.501700673714,269.012074821931,10.9723854064941,10.2996587753296,5.96284818649292,7.81044244766235,13.5334010124207,16.9192329406738,20.3087291717529,13.3863105773926,12.5655837059021,7.27467478752136,9.52873978614807,16.5107492351532,20.6414641876221,24.7766494750977,1.22,0.75,1.62666666666667,101403,1,0,363x344x455,163x182x161,268x280x337,79x74x132,Proterhinus.obj,Proterhinus.tif,diameter_of_largest_inscribed_sphere_containing_voxel,complete_3d_coxa_mask_after_foreground_crop,0.715318918228149,Belidae,TRUE,TRUE,Present,2.42977177409476,1.09918266756961,0.861813583067996,1.04322772225447
Rhinusa_tetra,598.816332442595,730.555925579965,14.6897630691528,15.1401710510254,9.58391380310059,13.0100564956665,16.5991582870483,17.997553062439,27.5842132568359,17.9215106964111,18.471008682251,11.6923748397827,15.8722689247131,20.250973110199,21.9570147361755,33.6527404785156,1.22,0.75,1.62666666666667,1456210,4,1.99143135158897e-05,458x634x474,109x72x81,397x506x390,216x326x232,Rhinusa_tetra.obj,Rhinusa_tetra.tif,diameter_of_largest_inscribed_sphere_containing_voxel,complete_3d_coxa_mask_after_foreground_crop,13.9835913181305,Curculionidae,FALSE,FALSE,Absent,2.86365346769139,1.26649061245022,1.0679027297302,0.686583196920812
Rynchites_cupreus,728.100954538586,888.283164537075,21.1485786437988,21.3333339691162,12.1233316421509,17.4767417907715,24.1399593353271,28.3613647460938,44.780948638916,25.8012657165527,26.0266674423218,14.7904646034241,21.3216249847412,29.4507503890991,34.6008649902344,54.6327590942383,1.22,0.75,1.62666666666667,2915829,3,1.37182067694308e-06,784x832x846,171x244x272,538x659x755,275x311x362,Rynchites_cupreus.obj,Rynchites_cupreus.tif,diameter_of_largest_inscribed_sphere_containing_voxel,complete_3d_coxa_mask_after_foreground_crop,36.7727980613708,Attelabidae,TRUE,TRUE,Present,2.94855143108573,1.41541856288196,1.16998181642652,0.826671981755539
Scobinoides_dentatus,158.461351754931,193.322849141016,5.57512712478638,5.88466787338257,4.03918170928955,4.77151250839233,6.23167943954468,7.08189392089844,8,6.80165529251099,7.17929480552673,4.92780168533325,5.82124526023865,7.60264891624451,8.63991058349609,9.76000022888184,1.22,0.75,1.62666666666667,29324,1,0,331x196x182,107x37x47,226x127x118,89x68x53,Scobinoides_dentatus.obj,Scobinoides_dentatus.tif,diameter_of_largest_inscribed_sphere_containing_voxel,complete_3d_coxa_mask_after_foreground_crop,0.340673923492432,Curculionidae,TRUE,TRUE,Present,2.28628318703121,0.856081787263277,0.692653221741906,0.77748794756472
Scolytus_carpini,630.80979700699,769.587952348528,17.1971092224121,17.1694068908691,8.96443004608154,14.1977186203003,20.7394618988037,25.0056034088135,30.8688983917236,20.9804744720459,20.9466764068604,10.9366046562195,17.3212167167664,25.3021435165405,30.5068361587524,37.6600570678711,1.22,0.75,1.62666666666667,1796677,6,4.45264473181162e-06,608x824x783,139x181x111,465x539x526,244x268x311,Scolytus_carpini.obj,Scolytus_carpini.tif,diameter_of_largest_inscribed_sphere_containing_voxel,complete_3d_coxa_mask_after_foreground_crop,20.1763529777527,Curculionidae,FALSE,FALSE,Absent,2.88625826034277,1.32111512359503,1.03888251322767,0.746681612362958
Sibinia_pellucens,605.128911885724,738.257272500583,18.4892749786377,20.119478225708,8.67912292480469,13.562751531601,23.2970194816589,25.4304904937744,29.4542942047119,22.5569152832031,24.5457634353638,10.5885299682617,16.5465568685532,28.4223637676239,31.0251984024048,35.9342384338379,1.22,0.75,1.62666666666667,1497062,3,1.33594822937511e-06,513x763x766,113x112x206,383x461x630,202x262x318,Sibinia_pellucens.obj,Sibinia_pellucens.tif,diameter_of_largest_inscribed_sphere_containing_voxel,complete_3d_coxa_mask_after_foreground_crop,15.2871568202972,Curculionidae,FALSE,FALSE,Absent,2.86820773385089,1.38997654430346,1.02483567011813,0.904723489822436
Sitona,558.910547404502,681.870867833492,20.6219310760498,22.5305423736572,9.75571651458741,15.8608622550964,25.4772472381592,28.2172092437744,32.5508155822754,25.1587562561035,27.4872616958618,11.9019741477966,19.3502519512177,31.0822416305542,34.4249952774048,39.7119941711426,1.22,0.75,1.62666666666667,1576315,3,5.70948612088618e-06,609x881x641,227x306x213,497x665x557,202x269x258,Sitona.obj,Sitona.tif,diameter_of_largest_inscribed_sphere_containing_voxel,complete_3d_coxa_mask_after_foreground_crop,14.4488394260406,Curculionidae,FALSE,FALSE,Absent,2.83370213609733,1.43913147721666,1.07561900260148,1.08000425985924
Sitona_hispidulus,563.088802943195,686.968339590698,26.1824779510498,28.5748338699341,12.6514466285706,20.9630093574524,32.8744516372681,35.3328231811523,38.7355690002441,31.9426231384277,34.8612973213196,15.4347648868561,25.5748714160919,40.106830997467,43.1060442810059,47.257396697998,1.22,0.75,1.62666666666667,2035928,6,2.94705034642462e-06,519x503x822,111x114x183,389x411x583,208x223x300,Sitona_hispidulus.obj,Sitona_hispidulus.tif,diameter_of_largest_inscribed_sphere_containing_voxel,complete_3d_coxa_mask_after_foreground_crop,15.0156819820404,Curculionidae,FALSE,FALSE,Absent,2.83693672212811,1.54234354482236,1.18850001839092,1.3615568774829
Strophosoma_capitatum,623.323351078716,760.454488316033,22.0094738006592,24.1218776702881,9.53122806549072,15.6645879745483,27.8740005493164,30.8579635620117,37.1423683166504,26.8515586853027,29.4286907577515,11.6280982398987,19.110797328949,34.006280670166,37.6467155456543,45.3136901855469,1.22,0.75,1.62666666666667,2167081,9,0.000206686969355441,731x870x821,178x450x160,498x870x588,240x315x321,Strophosoma_capitatum.obj,Strophosoma_capitatum.tif,diameter_of_largest_inscribed_sphere_containing_voxel,complete_3d_coxa_mask_after_foreground_crop,24.6951508522034,Curculionidae,FALSE,FALSE,Absent,2.88107322750847,1.46877094136119,1.06550869224748,1.05916072769354
Strophosoma_melanogrammum,642.424314608344,783.757663822179,25.8042831420898,28.7002563476562,9.44616203308106,17.6664047241211,33.9411277770996,36.4984565734863,41.4835968017578,31.4812259674072,35.0143127441406,11.5243176803589,21.5530137634277,41.4081758880615,44.5281170196533,50.6099891662598,1.22,0.75,1.62666666666667,2415657,1,0,663x685x771,121x176x196,438x504x658,238x246x346,Strophosoma_melanogrammum.obj,Strophosoma_melanogrammum.tif,diameter_of_largest_inscribed_sphere_containing_voxel,complete_3d_coxa_mask_after_foreground_crop,24.3422827720642,Curculionidae,FALSE,FALSE,Absent,2.89418180052383,1.54424560649847,1.06161522157343,1.2299646194027
Trigonopterus_plicicollis,509.003929257918,620.98479369466,34.7196426391602,35.0597076416016,13.9371385574341,23.9986724853516,45.2254371643066,55.5348777770996,58.6666679382324,42.3579635620117,42.7728433227539,17.0033090400696,29.2783804321289,55.1750333404541,67.7525508880615,71.5733337402344,1.22,0.75,1.62666666666667,1935985,7,4.13224634587817e-06,534x565x545,104x167x69,415x451x367,233x213x224,Trigonopterus_plicicollis.obj,Trigonopterus_plicicollis.tif,diameter_of_largest_inscribed_sphere_containing_voxel,complete_3d_coxa_mask_after_foreground_crop,15.2437353134155,Curculionidae,FALSE,FALSE,Absent,2.79308096556248,1.63116812092173,1.23053344831919,1.81190681587022
Trigonopterus_pseudonasutus,623.564752050659,760.748997501804,42.8055534362793,44.9654808044434,14.7249012947083,29.0317120552063,58.1262016296387,67.4956512451172,69.3845977783203,52.2227783203125,54.8578865814209,17.9643795795441,35.4186887073517,70.9139659881592,82.344694519043,84.6492080688477,1.22,0.75,1.62666666666667,3414490,8,3.22155418908121e-06,570x799x690,110x233x156,511x584x524,301x263x276,Trigonopterus_pseudonasutus.obj,Trigonopterus_pseudonasutus.tif,diameter_of_largest_inscribed_sphere_containing_voxel,complete_3d_coxa_mask_after_foreground_crop,33.6672375202179,Curculionidae,TRUE,TRUE,Present,2.88124138872692,1.73923907224943,1.25441222294155,1.97376179935942
Urodon_rufipes,326.755260095381,398.641417316365,12.2112007141113,13.207799911499,5.33333349227905,8.43952918052673,15.8135893344879,17.5433530807495,20.4830551147461,14.8976650238037,16.1135158920288,6.50666686058044,10.2962256002426,19.2925789880753,21.4028907585144,24.9893283843994,1.22,0.75,1.62666666666667,220676,1,0,570x497x521,269x74x106,461x295x266,144x166x120,Urodon_rufipes.obj,Urodon_rufipes.tif,diameter_of_largest_inscribed_sphere_containing_voxel,complete_3d_coxa_mask_after_foreground_crop,2.30330681800842,Anthribidae,FALSE,FALSE,Absent,2.60058241824182,1.20719031173581,0.813358571553994,0.974977891428174
Xylocleptes_bispinus,327.015290162402,398.958653998131,9.73309516906738,9.74440002441406,5.90975427627563,8.23514938354492,11.2569122314453,13.2216117858887,17.0749988555908,11.8743762969971,11.8881680297852,7.20990021705627,10.0468822479248,13.7334329223633,16.1303663787842,20.8314990997314,1.22,0.75,1.62666666666667,264103,3,7.57274568830013e-06,412x556x613,99x262x180,286x481x349,140x164x127,Xylocleptes_bispinus.obj,Xylocleptes_bispinus.tif,diameter_of_largest_inscribed_sphere_containing_voxel,complete_3d_coxa_mask_after_foreground_crop,2.3425018787384,Curculionidae,TRUE,TRUE,Present,2.60092788999532,1.07511493486643,0.857929254250397,0.718855350816359
Xylosandrus_germanus,476.3286680434,581.120975012949,9.74332141876221,9.08757400512695,5.94524717330933,7.9734263420105,11.002724647522,14.455219078064,20.9973545074463,11.8868522644043,11.0868402862549,7.25320155143738,9.72758013725281,13.4233240699768,17.635367275238,25.6167736053467,1.22,0.75,1.62666666666667,558475,1,0,431x450x580,84x46x134,279x268x516,146x166x286,Xylosandrus_germanus.obj,Xylosandrus_germanus.tif,diameter_of_largest_inscribed_sphere_containing_voxel,complete_3d_coxa_mask_after_foreground_crop,5.32763934135437,Curculionidae,TRUE,TRUE,Present,2.76426655117098,1.04480779125572,0.860529745772912,0.495395981994278
Zygops,494.474468501661,603.258851572026,17.2112998962402,16.300386428833,8,12.3969144821167,20.9716720581055,26.3545871734619,39.191837310791,20.9977855682373,19.8864714431763,9.76,15.1242356681824,25.5854399108887,32.1525963516235,47.8140411376953,1.22,0.75,1.62666666666667,993023,3,2.01404798472193e-06,475x474x428,79x126x73,345x362x427,200x177x266,Zygops.obj,Zygops.tif,diameter_of_largest_inscribed_sphere_containing_voxel,complete_3d_coxa_mask_after_foreground_crop,9.69331693649292,Curculionidae,FALSE,FALSE,Absent,2.78050370299804,1.29855773090205,0.989449817666692,0.862267511848617
