specimen,bbox_diag_units,bbox_diag_um,mean_3d_thickness_vox,median_3d_thickness_vox,p10_3d_thickness_vox,p25_3d_thickness_vox,p75_3d_thickness_vox,p90_3d_thickness_vox,max_3d_thickness_vox,mean_3d_thickness_um,median_3d_thickness_um,p10_3d_thickness_um,p25_3d_thickness_um,p75_3d_thickness_um,p90_3d_thickness_um,max_3d_thickness_um,voxel_size_um,analysis_scale,effective_analysis_voxel_size_um,foreground_voxels_retained,connected_components_6n,fraction_removed_outside_largest_component,touches_original_stack_boundary,original_stack_shape_zyx,analysis_crop_start_zyx,analysis_crop_stop_zyx,analysis_crop_shape_zyx,obj_file,tif_file,thickness_definition,analysis_domain,runtime_seconds
Acalles_fallax,418.07774396635847,510.0548476389573,25.36370086669922,25.78357696533203,8.882830619812012,15.795176029205322,34.31003761291504,40.79924697875976,47.32863998413086,30.943716049194336,31.45596389770508,10.837053356170655,19.27011475563049,41.85824588775635,49.77508131408691,57.740943908691406,1.22,0.75,1.6266666666666667,1009295,1,0.0,False,576x474x518,221x113x148,464x341x411,182x171x197,Acalles_fallax.obj,Acalles_fallax.tif,diameter_of_largest_inscribed_sphere_containing_voxel,complete_3d_coxa_mask_after_foreground_crop,9.64461350440979
Adexius_scrobipennis,464.98279538064634,567.2790103643886,22.865036010742188,25.014387130737305,9.54672794342041,15.466578483581543,30.014034748077393,32.98042678833008,39.28245162963867,27.895343780517578,30.51755229949951,11.647008090972902,18.86922574996948,36.617122392654416,40.23612068176269,47.924591064453125,1.22,0.75,1.6266666666666667,1166354,1,0.0,False,690x1031x749,275x193x256,521x503x513,184x232x193,Adexius_scrobipennis.obj,Adexius_scrobipennis.tif,diameter_of_largest_inscribed_sphere_containing_voxel,complete_3d_coxa_mask_after_foreground_crop,12.619866609573364
Anthribus_nebulosus,365.59677241463714,446.0280623458573,15.939428329467773,15.97322940826416,7.516973495483398,11.849372863769531,20.610361576080322,23.927003860473633,26.66666603088379,19.446102142333984,19.487339878082274,9.170707664489745,14.456234893798827,25.144641122817994,29.19094470977783,32.53333282470703,1.22,0.75,1.6266666666666667,444576,2,2.2493291376157742e-06,False,597x785x694,183x392x177,353x569x457,128x133x210,Anthribus_nebulosus.obj,Anthribus_nebulosus.tif,diameter_of_largest_inscribed_sphere_containing_voxel,complete_3d_coxa_mask_after_foreground_crop,5.011192083358765
Apion_frumentarium,569.4049525601266,694.6740421233544,20.310287475585938,20.276748657226562,13.735141944885255,17.42146110534668,22.78173828125,26.926877975463867,36.172428131103516,24.77855110168457,24.737633361816407,16.75687317276001,21.254182548522948,27.793720703125,32.850791130065915,44.13036346435547,1.22,0.75,1.6266666666666667,1810569,5,6.075401252636503e-06,False,616x811x754,203x328x183,469x645x584,200x238x301,Apion_frumentarium.obj,Apion_frumentarium.tif,diameter_of_largest_inscribed_sphere_containing_voxel,complete_3d_coxa_mask_after_foreground_crop,19.178783893585205
Apion_haematodes,511.4762946608572,624.0010794862458,19.673477172851562,19.688724517822266,13.481183052062988,16.978652000427246,21.984002113342285,25.992908477783207,34.66666793823242,24.00164222717285,24.020243911743165,16.447043323516844,20.71395544052124,26.820482578277588,31.711348342895512,42.2933349609375,1.22,0.75,1.6266666666666667,1565402,5,2.555247648250436e-06,False,851x495x692,256x53x173,508x359x507,189x230x250,Apion_haematodes.obj,Apion_haematodes.tif,diameter_of_largest_inscribed_sphere_containing_voxel,complete_3d_coxa_mask_after_foreground_crop,15.40990686416626
Archarius_pyrrhoceras,346.74197899879385,423.0252143785285,12.565258979797363,13.284392356872559,7.313749027252197,10.17823314666748,15.158282041549683,16.430707931518555,21.33333396911621,15.32961654663086,16.20695867538452,8.92277381324768,12.417444438934325,18.49310409069061,20.045463676452638,26.026668548583984,1.22,0.75,1.6266666666666667,392462,2,5.09600880593819e-06,False,507x428x400,204x108x117,453x285x295,187x133x134,Archarius_pyrrhoceras.obj,Archarius_pyrrhoceras.tif,diameter_of_largest_inscribed_sphere_containing_voxel,complete_3d_coxa_mask_after_foreground_crop,3.462202310562134
Aspidapion_validum,552.2544703304809,673.7504538031867,21.50322151184082,22.821611404418945,13.577144050598145,18.66666603088379,24.91777229309082,26.536735153198244,35.7770881652832,26.233930587768555,27.842365913391113,16.564115741729736,22.773332557678224,30.3996821975708,32.374816886901854,43.648048400878906,1.22,0.75,1.6266666666666667,1873597,3,1.6011955593642213e-06,False,838x596x685,385x177x213,684x455x595,224x208x286,Aspidapion_validum.obj,Aspidapion_validum.tif,diameter_of_largest_inscribed_sphere_containing_voxel,complete_3d_coxa_mask_after_foreground_crop,18.606766939163208
Barypeithes_araneiformis,391.97066216746373,478.20420784430576,14.217955589294434,15.423699855804443,7.643626689910889,11.598620891571045,17.38023042678833,18.663454246520995,21.33333396911621,17.345905303955078,18.81691382408142,9.325224561691284,14.150317487716675,21.20388112068176,22.769414180755614,26.026668548583984,1.22,0.75,1.6266666666666667,578268,2,5.187879039358911e-06,False,440x534x505,134x199x102,329x397x388,146x148x214,Barypeithes_araneiformis.obj,Barypeithes_araneiformis.tif,diameter_of_largest_inscribed_sphere_containing_voxel,complete_3d_coxa_mask_after_foreground_crop,5.055016994476318
Basilogeus_dacrycarpi,146.41721210294915,178.62899876559797,6.4029669761657715,5.96284818649292,4.899248123168945,5.333333492279053,7.051894903182983,8.604399681091309,10.994948387145996,7.811619758605957,7.274674787521362,5.977082710266113,6.506666860580444,8.603311781883239,10.497367610931397,13.413837432861328,1.22,0.75,1.6266666666666667,35898,1,0.0,False,311x169x180,122x61x25,196x142x132,56x61x80,Basilogeus_dacrycarpi.obj,Basilogeus_dacrycarpi.tif,diameter_of_largest_inscribed_sphere_containing_voxel,complete_3d_coxa_mask_after_foreground_crop,0.2696220874786377
Brachysomus_hirtus,344.72887897592796,420.5692323506321,13.565733909606934,14.697802543640137,6.231679439544678,10.343389511108398,17.037070751190186,18.635662078857422,21.499353408813477,16.550195693969727,17.931319103240966,7.602648916244506,12.618935203552246,20.785226316452025,22.735507736206053,26.229211807250977,1.22,0.75,1.6266666666666667,395102,1,0.0,False,593x349x485,213x121x155,424x295x376,158x130x166,Brachysomus_hirtus.obj,Brachysomus_hirtus.tif,diameter_of_largest_inscribed_sphere_containing_voxel,complete_3d_coxa_mask_after_foreground_crop,3.436253786087036
Brachytemnus_porcatus,550.6196509388309,671.7559741453737,22.859634399414062,23.61873149871826,9.074420928955078,15.541315078735352,29.61234140396118,35.97899398803711,42.24794387817383,27.88875389099121,28.81485242843628,11.070793533325196,18.96040439605713,36.12705651283264,43.89437266540527,51.5424919128418,1.22,0.75,1.6266666666666667,1429118,7,0.00012383727641951392,False,468x547x553,153x108x109,448x450x439,221x256x248,Brachytemnus_porcatus.obj,Brachytemnus_porcatus.tif,diameter_of_largest_inscribed_sphere_containing_voxel,complete_3d_coxa_mask_after_foreground_crop,18.367252826690674
Brentus,1147.3216637020325,1399.7324297164796,34.02075958251953,34.354671478271484,19.804923439025877,25.143409729003906,42.04056930541992,47.63615798950195,60.92618179321289,41.50532913208008,41.91269920349121,24.16200659561157,30.674959869384764,51.289494552612304,58.11611274719238,74.32994079589844,1.22,0.75,1.6266666666666667,13586058,97,3.2973893361543105e-05,False,1081x945x990,148x201x162,887x754x855,554x415x520,Brentus.obj,Brentus.tif,diameter_of_largest_inscribed_sphere_containing_voxel,complete_3d_coxa_mask_after_foreground_crop,229.28711676597595
Car_pini,399.7336613296408,487.6750668221618,14.383391380310059,15.059345245361328,8.799245262145996,12.697639465332031,16.878469467163086,18.53321647644043,22.93953514099121,17.54773712158203,18.37240119934082,10.735079219818115,15.491120147705077,20.591732749938963,22.610524101257322,27.98623275756836,1.22,0.75,1.6266666666666667,586197,1,0.0,False,564x885x541,43x331x51,318x524x280,206x145x172,Car_pini.obj,Car_pini.tif,diameter_of_largest_inscribed_sphere_containing_voxel,complete_3d_coxa_mask_after_foreground_crop,4.689621686935425
Cimberis_attelaboides,483.70032044645166,590.114390944671,12.67204761505127,12.177684783935547,9.188983726501466,10.890667915344238,14.32361125946045,16.75777854919434,25.298219680786133,15.459897994995117,14.856775436401367,11.210560146331789,13.28661485671997,17.474805736541747,20.444489830017098,30.863828659057617,1.22,0.75,1.6266666666666667,815898,2,1.3481895652533993e-05,False,628x737x528,103x293x101,330x598x411,170x229x232,Cimberis_attelaboides.obj,Cimberis_attelaboides.tif,diameter_of_largest_inscribed_sphere_containing_voxel,complete_3d_coxa_mask_after_foreground_crop,7.63217306137085
Cionus_tuberculosus,614.5892937564078,749.7989383828175,21.93954849243164,23.339210510253906,10.937827587127686,17.48807668685913,26.54458475112915,30.457600593566895,37.71236038208008,26.766250610351562,28.473836822509764,13.344149656295777,21.33545355796814,32.38439339637756,37.15827272415161,46.00907897949219,1.22,0.75,1.6266666666666667,2022136,3,1.3352039375691405e-05,False,625x829x771,209x350x227,484x710x653,206x270x320,Cionus_tuberculosus.obj,Cionus_tuberculosus.tif,diameter_of_largest_inscribed_sphere_containing_voxel,complete_3d_coxa_mask_after_foreground_crop,20.0237934589386
Cleopus_solani,423.8325140901769,517.0756671900158,17.163558959960938,17.859012603759766,9.948906898498535,13.501465320587158,20.483026027679443,22.98545608520508,27.712812423706055,20.939542770385742,21.787995376586913,12.137666416168212,16.471787691116333,24.98929175376892,28.042256423950196,33.80963134765625,1.22,0.75,1.6266666666666667,854454,1,0.0,False,408x482x493,95x178x172,323x399x463,171x166x218,Cleopus_solani.obj,Cleopus_solani.tif,diameter_of_largest_inscribed_sphere_containing_voxel,complete_3d_coxa_mask_after_foreground_crop,5.620406150817871
Coeliodes_cinctus,510.24405925008085,622.4977522850986,20.725025177001953,22.677217483520508,9.614803314208984,17.468581199645996,25.370820999145508,27.30281639099121,33.51948165893555,25.284530639648438,27.666205329895018,11.73006004333496,21.311669063568115,30.95240161895752,33.309435997009274,40.893768310546875,1.22,0.75,1.6266666666666667,1094435,4,1.4619201773258261e-05,False,589x776x672,154x378x223,376x630x616,166x189x295,Coeliodes_cinctus.obj,Coeliodes_cinctus.tif,diameter_of_largest_inscribed_sphere_containing_voxel,complete_3d_coxa_mask_after_foreground_crop,9.57764744758606
Coenorhinus_pauxillus,472.3748511510747,576.2973184043111,12.323880195617676,12.41491985321045,7.941274166107178,10.628045082092285,13.83050537109375,15.955260276794434,23.551361083984375,15.035134315490723,15.146202220916747,9.688354482650757,12.966215000152587,16.873216552734373,19.46541753768921,28.7326602935791,1.22,0.75,1.6266666666666667,790032,4,1.1391813842576148e-05,False,752x986x662,206x258x210,426x533x535,165x206x244,Coenorhinus_pauxillus.obj,Coenorhinus_pauxillus.tif,diameter_of_largest_inscribed_sphere_containing_voxel,complete_3d_coxa_mask_after_foreground_crop,8.331326723098755
Curculio_glandium,1011.6061486566796,1234.159501361149,30.024425506591797,31.46138572692871,14.981886863708496,22.990415573120117,36.49187088012695,41.86171646118164,53.46650314331055,36.629798889160156,38.38289058685303,18.277901973724365,28.04830699920654,44.52008247375488,51.07129408264161,65.22913360595703,1.22,0.75,1.6266666666666667,7691833,27,1.0010517543790343e-05,False,757x1039x916,45x236x106,558x895x689,385x494x437,Curculio_glandium.obj,Curculio_glandium.tif,diameter_of_largest_inscribed_sphere_containing_voxel,complete_3d_coxa_mask_after_foreground_crop,126.35670518875122
Dorytomus_taeniatus,503.09641223129387,613.7776229221785,16.872631072998047,17.534189224243164,8.397391319274902,13.314499855041504,20.330110549926758,23.17234916687012,33.092464447021484,20.584609985351562,21.391710853576658,10.244817409515381,16.243689823150635,24.802734870910644,28.270265983581545,40.372806549072266,1.22,0.75,1.6266666666666667,1213925,2,8.237734425708965e-07,False,576x497x570,181x87x97,448x372x425,200x214x246,Dorytomus_taeniatus.obj,Dorytomus_taeniatus.tif,diameter_of_largest_inscribed_sphere_containing_voxel,complete_3d_coxa_mask_after_foreground_crop,10.674271583557129
Dryophthorus_corticalis,499.5197693785502,609.4141186418312,20.91157341003418,22.069944381713867,8.549785041809082,13.198829650878906,26.258514404296875,32.868585205078126,40.44200134277344,25.51211929321289,26.925332145690916,10.430737751007081,16.102572174072264,32.03538757324219,40.09967395019531,49.33924102783203,1.22,0.75,1.6266666666666667,908249,3,3.303048052738511e-06,False,506x707x925,257x89x518,457x441x822,150x264x228,Dryophthorus_corticalis.obj,Dryophthorus_corticalis.tif,diameter_of_largest_inscribed_sphere_containing_voxel,complete_3d_coxa_mask_after_foreground_crop,9.806675434112549
Echinodera_hypocrita,745.9316322559326,910.0365913522378,34.501502990722656,34.319414138793945,15.558292770385743,24.729536056518555,45.301822662353516,52.954546737670896,60.398677825927734,42.091835021972656,41.86968524932861,18.981117179870605,30.170033988952635,55.268223648071285,64.60454701995849,73.68638610839844,1.22,0.75,1.6266666666666667,4895194,40,0.0001025390465421161,False,658x870x1079,201x252x293,598x634x806,298x286x385,Echinodera_hypocrita.obj,Echinodera_hypocrita.tif,diameter_of_largest_inscribed_sphere_containing_voxel,complete_3d_coxa_mask_after_foreground_crop,51.46281123161316
Echinodera_micros,403.49225519209165,492.2605513343518,24.01803970336914,25.883499145507812,8.947644805908203,16.602787017822266,32.66144371032715,36.355542755126955,38.18085861206055,29.30200958251953,31.57786895751953,10.916126663208008,20.255400161743164,39.84696132659912,44.353762161254885,46.580650329589844,1.22,0.75,1.6266666666666667,869347,4,3.450854086373134e-06,False,600x413x468,144x156x122,397x383x352,190x170x172,Echinodera_micros.obj,Echinodera_micros.tif,diameter_of_largest_inscribed_sphere_containing_voxel,complete_3d_coxa_mask_after_foreground_crop,5.8074986934661865
Euparius_paganus,347.4492768736179,423.88811778581385,13.687261581420898,14.200974941253662,7.238260078430176,9.977753639221191,17.07499885559082,20.069470405578613,24.147695541381836,16.69845962524414,17.325189428329466,8.830677295684813,12.172859439849853,20.8314986038208,24.48475389480591,29.460189819335938,1.22,0.75,1.6266666666666667,369274,2,2.708008936425088e-06,False,253x487x421,58x165x89,213x337x357,116x129x201,Euparius_paganus.obj,Euparius_paganus.tif,diameter_of_largest_inscribed_sphere_containing_voxel,complete_3d_coxa_mask_after_foreground_crop,2.353867530822754
Euplatypus_parallelus,511.47042925275747,623.9939236883641,10.3471040725708,9.098020076751709,6.316318035125732,7.562939286231995,12.773004055023193,15.889681816101074,21.827606201171875,12.623467445373535,11.099584493637085,7.705908002853393,9.226785929203034,15.583064947128296,19.38541181564331,26.629680633544922,1.22,0.75,1.6266666666666667,740284,2,9.455741053154831e-06,False,496x566x638,116x124x176,388x460x464,204x252x216,Euplatypus_parallelus.obj,Euplatypus_parallelus.tif,diameter_of_largest_inscribed_sphere_containing_voxel,complete_3d_coxa_mask_after_foreground_crop,9.07692575454712
Hylesinus_crenatus,731.0355668502046,891.8633915572497,23.557567596435547,25.18891429901123,11.302964210510254,17.8885440826416,28.934043884277344,32.87665596008301,38.273868560791016,28.740232467651367,30.7304754447937,13.78961633682251,21.824023780822753,35.29953353881836,40.10952027130128,46.694122314453125,1.22,0.75,1.6266666666666667,3112064,6,4.819929057098271e-06,False,742x705x588,142x179x19,470x617x514,246x328x371,Hylesinus_crenatus.obj,Hylesinus_crenatus.tif,diameter_of_largest_inscribed_sphere_containing_voxel,complete_3d_coxa_mask_after_foreground_crop,34.202659606933594
Hylurgops_palliatus,478.3492447992366,583.5860786550686,16.26105308532715,16.99367332458496,8.0,13.223816871643066,19.082209587097168,23.38749122619629,29.814239501953125,19.838485717773438,20.73228145599365,9.76,16.133056583404542,23.280295696258545,28.532739295959473,36.373374938964844,1.22,0.75,1.6266666666666667,962296,2,3.117534155161472e-06,False,408x492x697,92x149x175,335x384x523,182x176x261,Hylurgops_palliatus.obj,Hylurgops_palliatus.tif,diameter_of_largest_inscribed_sphere_containing_voxel,complete_3d_coxa_mask_after_foreground_crop,8.04053521156311
Hypera_postica,753.7983815318258,919.6340254688275,25.72504997253418,26.56324005126953,12.961163520812988,19.94171714782715,32.41020202636719,35.926290130615236,42.24794387817383,31.38456153869629,32.40715286254883,15.812619495391845,24.32889492034912,39.540446472167964,43.830073959350585,51.5424919128418,1.22,0.75,1.6266666666666667,4054589,30,3.2554644326943105e-05,False,738x835x1043,152x137x186,536x635x614,288x374x321,Hypera_postica.obj,Hypera_postica.tif,diameter_of_largest_inscribed_sphere_containing_voxel,complete_3d_coxa_mask_after_foreground_crop,43.9911789894104
Larinus_turbinatus,1097.296222539748,1338.7013914984925,38.72916030883789,41.17416000366211,17.07499885559082,27.83710527420044,48.497222900390625,57.99611282348633,68.818603515625,47.249576568603516,50.232475204467775,20.8314986038208,33.961268434524534,59.166611938476564,70.75525764465331,83.95869445800781,1.22,0.75,1.6266666666666667,11825802,48,8.033217268832438e-06,False,1075x1370x961,168x360x206,737x1067x835,427x530x472,Larinus_turbinatus.obj,Larinus_turbinatus.tif,diameter_of_largest_inscribed_sphere_containing_voxel,complete_3d_coxa_mask_after_foreground_crop,195.2412030696869
Leiosoma_deflexum,508.0423210717784,619.8116317075696,30.975431442260742,33.83125686645508,15.456195068359374,22.920688152313232,39.47212886810303,41.44519157409668,44.14118957519531,37.7900276184082,41.274133377075195,18.856557983398435,27.963239545822145,48.15599721908569,50.56313372039795,53.85225296020508,1.22,0.75,1.6266666666666667,1875438,2,5.332059326623728e-06,False,623x701x769,205x238x282,476x505x629,203x200x260,Leiosoma_deflexum.obj,Leiosoma_deflexum.tif,diameter_of_largest_inscribed_sphere_containing_voxel,complete_3d_coxa_mask_after_foreground_crop,12.673205852508545
Leperisinus_fraxini,359.4732257067277,438.55733536220777,11.175314903259277,11.431292533874512,5.96284818649292,8.951146125793457,13.258942604064941,15.624394416809082,20.99735450744629,13.63388442993164,13.946176891326903,7.274674787521362,10.920398273468017,16.17590997695923,19.06176118850708,25.61677360534668,1.22,0.75,1.6266666666666667,356187,2,2.807506148450045e-06,False,330x402x479,70x88x115,265x260x373,146x129x194,Leperisinus_fraxini.obj,Leperisinus_fraxini.tif,diameter_of_largest_inscribed_sphere_containing_voxel,complete_3d_coxa_mask_after_foreground_crop,3.0990841388702393
Limnobaris,485.635665906037,592.4755124053651,16.565805435180664,17.165327072143555,8.754305076599122,12.574678421020508,19.9157657623291,23.320510482788084,30.169889450073242,20.210283279418945,20.941699028015137,10.68025219345093,15.34110767364502,24.297234230041504,28.451022789001463,36.80726623535156,1.22,0.75,1.6266666666666667,1030035,8,1.3591586419670065e-05,False,580x636x689,44x180x326,292x429x671,186x187x259,Limnobaris.obj,Limnobaris.tif,diameter_of_largest_inscribed_sphere_containing_voxel,complete_3d_coxa_mask_after_foreground_crop,9.174484491348267
Lissorhoptrus_oryzophilus,511.25238385752294,623.7279083061779,22.8450984954834,23.95432186126709,12.808392143249513,18.66666603088379,27.72133445739746,29.804052352905273,33.94112777709961,27.871021270751953,29.224272670745847,15.626238414764405,22.773332557678224,33.8200280380249,36.36094387054443,41.40817642211914,1.22,0.75,1.6266666666666667,281824,2,7.096577320786501e-06,False,555x759x691,162x440x183,367x597x330,154x118x110,Lissorhoptrus_oryzophilus.obj,Lissorhoptrus_oryzophilus.tif,diameter_of_largest_inscribed_sphere_containing_voxel,complete_3d_coxa_mask_after_foreground_crop,6.995169162750244
Listronotus,773.4817386338219,943.6477211332627,35.206932067871094,38.540565490722656,17.343127059936524,27.17408847808838,43.8176383972168,47.10224571228028,53.06599426269531,42.952457427978516,47.01948989868164,21.15861501312256,33.15238794326782,53.45751884460449,57.46473976898194,64.74051666259766,1.22,0.75,1.6266666666666667,5157844,29,0.0006215787013965635,False,667x685x739,118x121x72,660x666x606,406x409x400,Listronotus.obj,Listronotus.tif,diameter_of_largest_inscribed_sphere_containing_voxel,complete_3d_coxa_mask_after_foreground_crop,74.86808013916016
Magdalis,518.9932562182287,633.171772586239,16.73052215576172,17.348020553588867,8.80292911529541,13.32900333404541,20.43080711364746,23.068038558959962,28.72087860107422,20.411237716674805,21.16458507537842,10.7395735206604,16.2613840675354,24.9255846786499,28.143007041931153,35.03947448730469,1.22,0.75,1.6266666666666667,1153407,4,2.6009831716189424e-06,False,535x528x704,162x145x81,407x397x472,184x189x293,Magdalis.obj,Magdalis.tif,diameter_of_largest_inscribed_sphere_containing_voxel,complete_3d_coxa_mask_after_foreground_crop,10.094563245773315
Merhynchites,730.4525994203867,891.1521712928718,18.373083114624023,18.5290584564209,11.883584594726562,15.220974922180176,20.615108489990234,23.532119750976562,40.44200134277344,22.4151611328125,22.605451316833495,14.497973205566405,18.569589405059816,25.150432357788084,28.709186096191406,49.33924102783203,1.22,0.75,1.6266666666666667,2700449,16,0.0006335669858309467,False,718x1009x1007,133x144x156,459x533x753,244x292x448,Merhynchites.obj,Merhynchites.tif,diameter_of_largest_inscribed_sphere_containing_voxel,complete_3d_coxa_mask_after_foreground_crop,37.96294713020325
Metapocyrtus_adspersus,839.503424650549,1024.1941780736697,33.13385772705078,34.410614013671875,13.14699935913086,23.47592258453369,42.905792236328125,47.729496002197266,64.0,40.42330551147461,41.98094909667969,16.03933921813965,28.640625553131102,52.34506652832031,58.22998512268066,78.08000183105469,1.22,0.75,1.6266666666666667,5620019,79,0.0052600678580259075,True,693x904x929,146x109x146,693x657x787,410x411x481,Metapocyrtus_adspersus.obj,Metapocyrtus_adspersus.tif,diameter_of_largest_inscribed_sphere_containing_voxel,complete_3d_coxa_mask_after_foreground_crop,113.16039776802063
Mononychus_punctumalbum,886.6690476158509,1081.736238091338,30.727272033691406,33.471961975097656,14.128464889526366,23.954917907714844,37.99840545654297,42.29114303588868,50.102115631103516,37.487274169921875,40.83579360961914,17.236727165222167,29.224999847412107,46.35805465698242,51.59519450378419,61.12458419799805,1.22,0.75,1.6266666666666667,5527505,8,1.8091312280477112e-06,False,865x766x1073,176x94x401,661x588x966,364x370x424,Mononychus_punctumalbum.obj,Mononychus_punctumalbum.tif,diameter_of_largest_inscribed_sphere_containing_voxel,complete_3d_coxa_mask_after_foreground_crop,74.14546275138855
Nanophyes_marmoratus,342.9241898729222,418.36751164496513,12.541817665100098,12.735782623291016,7.836164951324463,10.428596019744873,14.153446197509766,17.06949806213379,24.147695541381836,15.301017761230469,15.537654800415039,9.560121240615844,12.722887144088745,17.267204360961912,20.824787635803222,29.460189819335938,1.22,0.75,1.6266666666666667,377091,7,7.159562789360585e-05,False,677x531x691,348x140x318,565x373x575,163x175x193,Nanophyes_marmoratus.obj,Nanophyes_marmoratus.tif,diameter_of_largest_inscribed_sphere_containing_voxel,complete_3d_coxa_mask_after_foreground_crop,4.361513614654541
Nedyus_quadrimaculatus,537.0158284445627,655.1593107023664,24.650598526000977,27.33304786682129,10.994948387145996,19.313405990600586,30.61042881011963,33.71192092895508,38.73556900024414,30.07373046875,33.34631839752197,13.413837032318115,23.562355308532716,37.34472314834595,41.1285435333252,47.25739669799805,1.22,0.75,1.6266666666666667,1425420,11,5.6120659417735475e-05,False,479x247x313,93x7x8,478x243x311,289x177x227,Nedyus_quadrimaculatus.obj,Nedyus_quadrimaculatus.tif,diameter_of_largest_inscribed_sphere_containing_voxel,complete_3d_coxa_mask_after_foreground_crop,10.990195989608765
Neochetina,767.479641423797,936.3251625370324,26.447431564331055,27.551345825195312,12.291831016540527,21.183032989501953,32.55081558227539,37.669471740722656,45.09742736816406,32.265869140625,33.61264190673828,14.996033840179443,25.84330024719238,39.71199501037598,45.956755523681636,55.018863677978516,1.22,0.75,1.6266666666666667,3815236,61,0.006443266081211929,True,572x838x715,102x0x137,460x651x619,268x488x362,Neochetina.obj,Neochetina.tif,diameter_of_largest_inscribed_sphere_containing_voxel,complete_3d_coxa_mask_after_foreground_crop,52.23654747009277
Orchestes_testaceus,416.7841167798984,508.47662247147605,17.877944946289062,19.900705337524414,9.419497013092041,13.549673080444336,22.312047004699707,23.383752822875977,26.532997131347656,21.811094284057617,24.278860511779783,11.49178635597229,16.53060115814209,27.22069734573364,28.52817844390869,32.37025833129883,1.22,0.75,1.6266666666666667,792086,2,1.009981138599958e-05,False,450x411x431,87x81x105,309x317x378,166x177x205,Orchestes_testaceus.obj,Orchestes_testaceus.tif,diameter_of_largest_inscribed_sphere_containing_voxel,complete_3d_coxa_mask_after_foreground_crop,5.0463104248046875
Ormiscus_saltator,321.9456475866695,392.7736900557368,13.508556365966797,14.637126922607422,6.436070919036865,10.453340530395508,17.056201934814453,18.049232482910156,20.483055114746094,16.480438232421875,17.857294845581055,7.852006521224975,12.75307544708252,20.808566360473634,22.02006362915039,24.989328384399414,1.22,0.75,1.6266666666666667,335725,1,0.0,False,422x385x272,68x111x86,300x284x242,174x130x117,Ormiscus_saltator.obj,Ormiscus_saltator.tif,diameter_of_largest_inscribed_sphere_containing_voxel,complete_3d_coxa_mask_after_foreground_crop,2.0232231616973877
Otiorhynchus_singularis,927.5995903405736,1131.6715002154997,11.199742317199707,10.56816577911377,7.273540019989014,8.475632667541504,12.182263374328613,16.733201599121095,32.22145462036133,13.66368579864502,12.893162250518799,8.873718824386597,10.340271854400635,14.862361316680907,20.414505950927737,39.310176849365234,1.22,0.75,1.6266666666666667,2927547,45,0.0006444928800263261,True,598x747x798,54x123x93,525x747x676,353x468x437,Otiorhynchus_singularis.obj,Otiorhynchus_singularis.tif,diameter_of_largest_inscribed_sphere_containing_voxel,complete_3d_coxa_mask_after_foreground_crop,82.08798336982727
Oxystoma,390.114085877452,475.9391847704914,16.92051887512207,17.88780403137207,10.332238960266114,14.699289321899414,19.528660774230957,21.212522888183592,27.840818405151367,20.643033981323242,21.823120918273926,12.605331531524659,17.933132972717285,23.824966144561767,25.87927792358398,33.965797424316406,1.22,0.75,1.6266666666666667,672503,1,0.0,False,439x565x461,141x140x143,342x426x331,151x214x141,Oxystoma.obj,Oxystoma.tif,diameter_of_largest_inscribed_sphere_containing_voxel,complete_3d_coxa_mask_after_foreground_crop,4.269221782684326
Paramechoris_hirtus,671.0968633513347,818.7381732886283,21.324951171875,21.060956954956055,12.494189643859864,17.501739501953125,25.21852397918701,30.848347091674803,35.477691650390625,26.016441345214844,25.694367485046385,15.242911365509034,21.35212219238281,30.766599254608153,37.63498345184326,43.28278350830078,1.22,0.75,1.6266666666666667,339647,2,5.88843188109589e-06,False,705x637x793,284x337x93,506x511x277,166x130x138,Paramechoris_hirtus.obj,Paramechoris_hirtus.tif,diameter_of_largest_inscribed_sphere_containing_voxel,complete_3d_coxa_mask_after_foreground_crop,12.200413465499878
Parethelcus_pollinarius,661.8836755805359,807.4980842082538,25.560287475585938,27.449316024780273,12.216988563537598,21.202865600585938,31.323820114135742,34.254085540771484,38.45921325683594,31.183551788330078,33.48816555023193,14.904726047515869,25.867496032714843,38.215060539245606,41.78998435974121,46.92024230957031,1.22,0.75,1.6266666666666667,2423011,7,6.603310652386618e-06,False,534x720x625,108x198x215,393x687x571,214x367x267,Parethelcus_pollinarius.obj,Parethelcus_pollinarius.tif,diameter_of_largest_inscribed_sphere_containing_voxel,complete_3d_coxa_mask_after_foreground_crop,21.518798351287842
Perapion_curtirostre,250.0679907545146,305.08294872050783,13.234139442443848,13.589839935302734,9.18975477218628,11.787050008773804,14.577113151550293,15.962170600891113,21.499353408813477,16.14565086364746,16.579604721069334,11.211500822067261,14.38020101070404,17.784078044891356,19.47384813308716,26.229211807250977,1.22,0.75,1.6266666666666667,232560,1,0.0,False,295x322x356,40x134x110,202x271x255,122x103x109,Perapion_curtirostre.obj,Perapion_curtirostre.tif,diameter_of_largest_inscribed_sphere_containing_voxel,complete_3d_coxa_mask_after_foreground_crop,1.1346218585968018
Phaenomerus_foveipennis,414.6950686950594,505.92798380797245,17.25636100769043,17.79665756225586,6.263141632080078,11.172645092010498,22.32246685028076,28.02803478240967,32.55081558227539,21.05276107788086,21.711922225952147,7.641032791137695,13.630627012252807,27.23340955734253,34.1942024345398,39.71199417114258,1.22,0.75,1.6266666666666667,654394,1,0.0,False,673x565x488,159x122x74,360x409x306,151x215x174,Phaenomerus_foveipennis.obj,Phaenomerus_foveipennis.tif,diameter_of_largest_inscribed_sphere_containing_voxel,complete_3d_coxa_mask_after_foreground_crop,5.913041591644287
Phyllobius,565.9151879919817,690.4165293502177,16.002704620361328,17.125520706176758,8.78235912322998,12.81926441192627,19.531749725341797,21.144742965698242,27.19477081298828,19.523300170898438,20.893135261535644,10.714478130340575,15.63950258255005,23.828734664916993,25.796586418151854,33.17761993408203,1.22,0.75,1.6266666666666667,1341093,3,1.4913186612286466e-06,False,636x761x600,317x66x206,585x478x500,201x309x220,Phyllobius.obj,Phyllobius.tif,diameter_of_largest_inscribed_sphere_containing_voxel,complete_3d_coxa_mask_after_foreground_crop,13.018691778182983
Polydrusus_marginatus,569.2196412633704,694.4479623413118,20.36347770690918,22.110315322875977,9.227189540863037,15.277813911437988,26.245120525360107,28.280335426330566,31.6649112701416,24.843442916870117,26.974584693908692,11.257171239852905,18.638932971954347,32.01904704093933,34.50200922012329,38.63119125366211,1.22,0.75,1.6266666666666667,1610916,1,0.0,False,640x615x862,187x140x258,472x437x661,214x223x302,Polydrusus_marginatus.obj,Polydrusus_marginatus.tif,diameter_of_largest_inscribed_sphere_containing_voxel,complete_3d_coxa_mask_after_foreground_crop,14.45836091041565
Protapion,353.6467163710134,431.44899397263634,14.734840393066406,14.36043930053711,10.628079414367676,13.18799877166748,15.811865329742432,18.62693977355957,26.799667358398438,17.976505279541016,17.519735946655274,12.966256885528564,16.089358501434326,19.290475702285764,22.724866523742676,32.695594787597656,1.22,0.75,1.6266666666666667,519079,1,0.0,False,406x434x420,158x88x78,322x357x253,123x202x131,Protapion.obj,Protapion.tif,diameter_of_largest_inscribed_sphere_containing_voxel,complete_3d_coxa_mask_after_foreground_crop,3.0783567428588867
Proterhinus,220.50170067371363,269.01207482193064,10.97238540649414,10.29965877532959,5.96284818649292,7.8104424476623535,13.533401012420654,16.91923294067383,20.30872917175293,13.386310577392578,12.5655837059021,7.274674787521362,9.528739786148071,16.5107492351532,20.64146418762207,24.776649475097656,1.22,0.75,1.6266666666666667,101403,1,0.0,False,363x344x455,163x182x161,268x280x337,79x74x132,Proterhinus.obj,Proterhinus.tif,diameter_of_largest_inscribed_sphere_containing_voxel,complete_3d_coxa_mask_after_foreground_crop,0.7153189182281494
Rhinusa_tetra,598.8163324425947,730.5559255799654,14.689763069152832,15.14017105102539,9.583913803100586,13.010056495666504,16.59915828704834,17.997553062438964,27.584213256835938,17.921510696411133,18.471008682250975,11.692374839782715,15.872268924713135,20.250973110198974,21.957014736175537,33.652740478515625,1.22,0.75,1.6266666666666667,1456210,4,1.991431351588968e-05,False,458x634x474,109x72x81,397x506x390,216x326x232,Rhinusa_tetra.obj,Rhinusa_tetra.tif,diameter_of_largest_inscribed_sphere_containing_voxel,complete_3d_coxa_mask_after_foreground_crop,13.983591318130493
Rynchites_cupreus,728.1009545385859,888.2831645370749,21.148578643798828,21.33333396911621,12.123331642150879,17.476741790771484,24.13995933532715,28.361364746093763,44.780948638916016,25.801265716552734,26.026667442321777,14.790464603424072,21.32162498474121,29.45075038909912,34.60086499023439,54.63275909423828,1.22,0.75,1.6266666666666667,2915829,3,1.3718206769430807e-06,False,784x832x846,171x244x272,538x659x755,275x311x362,Rynchites_cupreus.obj,Rynchites_cupreus.tif,diameter_of_largest_inscribed_sphere_containing_voxel,complete_3d_coxa_mask_after_foreground_crop,36.77279806137085
Scobinoides_dentatus,158.4613517549311,193.32284914101592,5.575127124786377,5.884667873382568,4.039181709289551,4.771512508392334,6.231679439544678,7.0818939208984375,8.0,6.801655292510986,7.179294805526733,4.927801685333252,5.821245260238648,7.602648916244506,8.639910583496093,9.760000228881836,1.22,0.75,1.6266666666666667,29324,1,0.0,False,331x196x182,107x37x47,226x127x118,89x68x53,Scobinoides_dentatus.obj,Scobinoides_dentatus.tif,diameter_of_largest_inscribed_sphere_containing_voxel,complete_3d_coxa_mask_after_foreground_crop,0.34067392349243164
Scolytus_carpini,630.80979700699,769.5879523485278,17.19710922241211,17.16940689086914,8.964430046081542,14.197718620300293,20.73946189880371,25.005603408813478,30.868898391723633,20.9804744720459,20.94667640686035,10.936604656219481,17.321216716766358,25.302143516540525,30.506836158752442,37.660057067871094,1.22,0.75,1.6266666666666667,1796677,6,4.452644731811617e-06,False,608x824x783,139x181x111,465x539x526,244x268x311,Scolytus_carpini.obj,Scolytus_carpini.tif,diameter_of_largest_inscribed_sphere_containing_voxel,complete_3d_coxa_mask_after_foreground_crop,20.176352977752686
Sibinia_pellucens,605.1289118857237,738.2572725005829,18.489274978637695,20.119478225708008,8.679122924804688,13.562751531600952,23.297019481658936,25.430490493774414,29.454294204711914,22.556915283203125,24.545763435363767,10.588529968261719,16.54655686855316,28.4223637676239,31.025198402404783,35.93423843383789,1.22,0.75,1.6266666666666667,1497062,3,1.3359482293751057e-06,False,513x763x766,113x112x206,383x461x630,202x262x318,Sibinia_pellucens.obj,Sibinia_pellucens.tif,diameter_of_largest_inscribed_sphere_containing_voxel,complete_3d_coxa_mask_after_foreground_crop,15.287156820297241
Sitona,558.9105474045019,681.8708678334923,20.621931076049805,22.530542373657227,9.755716514587405,15.860862255096436,25.47724723815918,28.217209243774413,32.55081558227539,25.158756256103516,27.487261695861815,11.901974147796635,19.35025195121765,31.082241630554197,34.42499527740478,39.71199417114258,1.22,0.75,1.6266666666666667,1576315,3,5.709486120886176e-06,False,609x881x641,227x306x213,497x665x557,202x269x258,Sitona.obj,Sitona.tif,diameter_of_largest_inscribed_sphere_containing_voxel,complete_3d_coxa_mask_after_foreground_crop,14.44883942604065
Sitona_hispidulus,563.0888029431948,686.9683395906976,26.182477951049805,28.574833869934082,12.651446628570557,20.963009357452393,32.874451637268066,35.33282318115234,38.73556900024414,31.942623138427734,34.861297321319576,15.43476488685608,25.57487141609192,40.10683099746704,43.10604428100586,47.25739669799805,1.22,0.75,1.6266666666666667,2035928,6,2.947050346424618e-06,False,519x503x822,111x114x183,389x411x583,208x223x300,Sitona_hispidulus.obj,Sitona_hispidulus.tif,diameter_of_largest_inscribed_sphere_containing_voxel,complete_3d_coxa_mask_after_foreground_crop,15.015681982040405
Strophosoma_capitatum,623.3233510787159,760.4544883160333,22.00947380065918,24.121877670288086,9.531228065490723,15.66458797454834,27.874000549316406,30.85796356201172,37.14236831665039,26.851558685302734,29.428690757751465,11.628098239898682,19.110797328948973,34.006280670166014,37.646715545654295,45.313690185546875,1.22,0.75,1.6266666666666667,2167081,9,0.00020668696935544073,False,731x870x821,178x450x160,498x870x588,240x315x321,Strophosoma_capitatum.obj,Strophosoma_capitatum.tif,diameter_of_largest_inscribed_sphere_containing_voxel,complete_3d_coxa_mask_after_foreground_crop,24.69515085220337
Strophosoma_melanogrammum,642.4243146083436,783.7576638221792,25.804283142089844,28.70025634765625,9.446162033081055,17.666404724121094,33.94112777709961,36.49845657348633,41.48359680175781,31.481225967407227,35.014312744140625,11.524317680358887,21.553013763427735,41.40817588806152,44.52811701965332,50.609989166259766,1.22,0.75,1.6266666666666667,2415657,1,0.0,False,663x685x771,121x176x196,438x504x658,238x246x346,Strophosoma_melanogrammum.obj,Strophosoma_melanogrammum.tif,diameter_of_largest_inscribed_sphere_containing_voxel,complete_3d_coxa_mask_after_foreground_crop,24.34228277206421
Trigonopterus_plicicollis,509.0039292579184,620.9847936946604,34.719642639160156,35.05970764160156,13.937138557434086,23.998672485351562,45.22543716430664,55.53487777709961,58.66666793823242,42.35796356201172,42.77284332275391,17.003309040069585,29.278380432128905,55.1750333404541,67.75255088806152,71.57333374023438,1.22,0.75,1.6266666666666667,1935985,7,4.1322463458781655e-06,False,534x565x545,104x167x69,415x451x367,233x213x224,Trigonopterus_plicicollis.obj,Trigonopterus_plicicollis.tif,diameter_of_largest_inscribed_sphere_containing_voxel,complete_3d_coxa_mask_after_foreground_crop,15.243735313415527
Trigonopterus_pseudonasutus,623.5647520506591,760.7489975018041,42.8055534362793,44.96548080444336,14.724901294708253,29.0317120552063,58.12620162963867,67.49565124511719,69.38459777832031,52.2227783203125,54.8578865814209,17.96437957954407,35.418688707351684,70.91396598815918,82.34469451904296,84.64920806884766,1.22,0.75,1.6266666666666667,3414490,8,3.2215541890812105e-06,False,570x799x690,110x233x156,511x584x524,301x263x276,Trigonopterus_pseudonasutus.obj,Trigonopterus_pseudonasutus.tif,diameter_of_largest_inscribed_sphere_containing_voxel,complete_3d_coxa_mask_after_foreground_crop,33.667237520217896
Urodon_rufipes,326.7552600953809,398.64141731636465,12.211200714111328,13.207799911499023,5.333333492279053,8.439529180526733,15.813589334487915,17.54335308074951,20.483055114746094,14.897665023803711,16.113515892028808,6.506666860580444,10.296225600242614,19.292578988075256,21.402890758514403,24.989328384399414,1.22,0.75,1.6266666666666667,220676,1,0.0,False,570x497x521,269x74x106,461x295x266,144x166x120,Urodon_rufipes.obj,Urodon_rufipes.tif,diameter_of_largest_inscribed_sphere_containing_voxel,complete_3d_coxa_mask_after_foreground_crop,2.303306818008423
Xylocleptes_bispinus,327.01529016240204,398.9586539981305,9.733095169067383,9.744400024414062,5.909754276275635,8.235149383544922,11.256912231445312,13.221611785888673,17.07499885559082,11.87437629699707,11.888168029785156,7.2099002170562745,10.046882247924804,13.733432922363281,16.13036637878418,20.831499099731445,1.22,0.75,1.6266666666666667,264103,3,7.572745688300131e-06,False,412x556x613,99x262x180,286x481x349,140x164x127,Xylocleptes_bispinus.obj,Xylocleptes_bispinus.tif,diameter_of_largest_inscribed_sphere_containing_voxel,complete_3d_coxa_mask_after_foreground_crop,2.3425018787384033
Xylosandrus_germanus,476.32866804340046,581.1209750129485,9.743321418762207,9.087574005126953,5.945247173309326,7.973426342010498,11.002724647521973,14.455219078063966,20.99735450744629,11.886852264404297,11.086840286254883,7.253201551437378,9.727580137252808,13.423324069976806,17.63536727523804,25.61677360534668,1.22,0.75,1.6266666666666667,558475,1,0.0,False,431x450x580,84x46x134,279x268x516,146x166x286,Xylosandrus_germanus.obj,Xylosandrus_germanus.tif,diameter_of_largest_inscribed_sphere_containing_voxel,complete_3d_coxa_mask_after_foreground_crop,5.32763934135437
Zygops,494.47446850166085,603.2588515720262,17.211299896240234,16.300386428833008,8.0,12.3969144821167,20.97167205810547,26.354587173461915,39.191837310791016,20.997785568237305,19.88647144317627,9.76,15.124235668182372,25.58543991088867,32.15259635162354,47.81404113769531,1.22,0.75,1.6266666666666667,993023,3,2.014047984721934e-06,False,475x474x428,79x126x73,345x362x427,200x177x266,Zygops.obj,Zygops.tif,diameter_of_largest_inscribed_sphere_containing_voxel,complete_3d_coxa_mask_after_foreground_crop,9.69331693649292
