"response";"predictor";"n_trees";"estimate_min";"estimate_max";"estimate_median";"sign_consistent_positive";"sign_consistent_negative";"p_min";"p_max";"n_nominal_sig";"n_fdr_sig";"lambda_min";"lambda_max";"lambda_median"
"PC1";"abs_winding_angle_deg";"13";"-4,18401129030468e-04";"-3,64432414309252e-04";"-3,80638505009108e-04";FALSE;TRUE;"1,42177980469089e-02";"0,19768958279385304";"3";"0";"0,779059121332973";"1,000000000000000";"1,000000000000000"
"PC1";"axial_pitch_360";"13";"-6,52908470964201e-01";"-4,86648260280370e-02";"-2,09198926718440e-01";FALSE;TRUE;"9,74301590133032e-03";"0,89175083597306737";"4";"0";"0,961488338497275";"1,000000000000000";"1,000000000000000"
"PC1";"axial_span";"13";"-4,87197208863705e-01";"-3,88757185230530e-01";"-4,34297918722732e-01";FALSE;TRUE;"8,83521872979206e-03";"0,27245420127047448";"5";"5";"0,920268385161591";"1,000000000000000";"1,000000000000000"
"PC1";"centroid_size";"13";"-4,83579006833465e-04";"-2,45153459331677e-04";"-2,69598696884871e-04";FALSE;TRUE;"3,92613559743971e-02";"0,22466836370059745";"1";"0";"0,754438080512371";"1,000000000000000";"1,000000000000000"
"PC1";"fit_radius";"13";"-4,53007270769982e-01";"6,31074283586873e-02";"-2,77045483656723e-01";FALSE;FALSE;"7,51640418460663e-01";"0,95614219599079886";"0";"0";"0,710889299215426";"1,000000000000000";"1,000000000000000"
"PC1";"n_turns_abs";"13";"-1,50624406450969e-01";"-1,31195669151331e-01";"-1,37029861803279e-01";FALSE;TRUE;"1,42177980469089e-02";"0,19768958279385340";"3";"0";"0,779059121068460";"1,000000000000000";"1,000000000000000"
"PC1";"start_end_dist";"13";"-3,76665446104658e-01";"-2,99417445728161e-01";"-3,09930326606940e-01";FALSE;TRUE;"2,86569703182967e-02";"0,11784123357241282";"5";"0";"0,769258626787791";"1,000000000000000";"0,963175861928151"
"PC2";"abs_winding_angle_deg";"13";"-1,48503049111505e-04";"1,01445790645921e-04";"-4,70060187654118e-05";FALSE;FALSE;"7,30200577168941e-01";"0,99474874710497874";"0";"0";"0,992859889369628";"1,000000000000000";"1,000000000000000"
"PC2";"axial_pitch_360";"13";"-2,66056756010701e-01";"-1,58570249144871e-01";"-2,22378100987108e-01";FALSE;TRUE;"2,44782928304004e-01";"0,77967356719298264";"0";"0";"0,996059804010487";"1,000000000000000";"1,000000000000000"
"PC2";"axial_span";"13";"-2,20379520209936e-01";"-1,18484658880399e-01";"-1,58269445371875e-01";FALSE;TRUE;"3,75257848038119e-01";"0,78213714449006422";"0";"0";"0,995518927668950";"1,000000000000000";"1,000000000000000"
"PC2";"centroid_size";"13";"-6,12792032475498e-04";"-3,66097242068822e-04";"-4,74666364539918e-04";FALSE;TRUE;"6,65438995192016e-02";"0,24360601192854617";"0";"0";"0,978151680169275";"1,000000000000000";"1,000000000000000"
"PC2";"fit_radius";"13";"-2,08755568841183e-01";"1,79650634242056e+00";"1,17446395586870e+00";FALSE;FALSE;"3,64211880026688e-01";"0,96236477367572415";"0";"0";"0,992423744112497";"1,000000000000000";"1,000000000000000"
"PC2";"n_turns_abs";"13";"-5,34610976801419e-02";"3,65204846325316e-02";"-1,69221667555483e-02";FALSE;FALSE;"7,30200577168940e-01";"0,99474874710497829";"0";"0";"0,992859889369850";"1,000000000000000";"1,000000000000000"
"PC2";"start_end_dist";"13";"-2,54743777083557e-01";"-2,78288103805001e-02";"-1,06364538367236e-01";FALSE;TRUE;"4,84716717360510e-01";"0,81123511963065886";"0";"0";"0,992898519765122";"1,000000000000000";"1,000000000000000"
"PC3";"abs_winding_angle_deg";"13";"8,01141058683021e-04";"1,18809334255077e-03";"8,01141058683021e-04";TRUE;FALSE;"2,54203433657489e-04";"0,03505691771323199";"13";"13";"0,000000000000000";"0,000000000000000";"0,000000000000000"
"PC3";"axial_pitch_360";"13";"-1,23160022843723e-01";"1,98856225054591e+00";"8,00216821229521e-03";FALSE;FALSE;"2,23955574224780e-06";"0,98732842905109930";"1";"1";"0,000000000000000";"1,000000000000000";"0,000000000000000"
"PC3";"axial_span";"13";"1,12597243953933e+00";"1,28303842113239e+00";"1,22241586804717e+00";TRUE;FALSE;"4,78839339887641e-06";"0,01627063612120267";"13";"13";"0,964129287981297";"1,000000000000000";"1,000000000000000"
"PC3";"centroid_size";"13";"1,30156520368432e-04";"4,03484758571640e-04";"1,30156520368432e-04";TRUE;FALSE;"1,90090934739276e-01";"0,63989039273665371";"0";"0";"0,000000000000000";"1,000000000000000";"0,000000000000000"
"PC3";"fit_radius";"13";"-2,46575742342995e+00";"-1,20962881917914e-01";"-1,20962881917914e-01";FALSE;TRUE;"2,11186918487742e-01";"0,93652350309766985";"0";"0";"0,000000000000000";"0,000000000000000";"0,000000000000000"
"PC3";"n_turns_abs";"13";"2,88410781125888e-01";"4,27713603318278e-01";"2,88410781125888e-01";TRUE;FALSE;"2,54203433657490e-04";"0,03505691771323203";"13";"13";"0,000000000000000";"0,000000000000000";"0,000000000000000"
"PC3";"start_end_dist";"13";"4,45792922288610e-01";"6,84933651022018e-01";"4,45792922288610e-01";TRUE;FALSE;"4,83085589125778e-02";"0,20506098889196192";"5";"0";"0,000000000000000";"0,000000000000000";"0,000000000000000"
"PC4";"abs_winding_angle_deg";"13";"1,48384686002033e-04";"1,86528895224195e-04";"1,48384686002033e-04";TRUE;FALSE;"6,32011298694849e-01";"0,66034816525707951";"0";"0";"0,000000000000000";"0,000000000000000";"0,000000000000000"
"PC4";"axial_pitch_360";"13";"-9,81112273288451e-01";"-7,27754919082912e-01";"-8,20694754157506e-01";FALSE;TRUE;"2,26735547776712e-03";"0,04796001455749773";"13";"13";"0,000000000000000";"1,000000000000000";"1,000000000000000"
"PC4";"axial_span";"13";"-6,66135607326836e-01";"-5,51776312667860e-01";"-6,38985164872414e-01";FALSE;TRUE;"8,06193777245094e-04";"0,25434694862818963";"6";"5";"0,000000000000000";"1,000000000000000";"1,000000000000000"
"PC4";"centroid_size";"13";"1,75087969729326e-04";"2,10853671303209e-04";"1,75087969729326e-04";TRUE;FALSE;"3,99101232354609e-01";"0,42494755853634336";"0";"0";"0,000000000000000";"0,000000000000000";"0,000000000000000"
"PC4";"fit_radius";"13";"-4,24001859567599e+00";"-2,17994373951855e+00";"-2,17994373951855e+00";FALSE;TRUE;"1,88598426300156e-03";"0,04646168698093493";"13";"13";"0,000000000000000";"0,000000000000000";"0,000000000000000"
"PC4";"n_turns_abs";"13";"5,34184869607322e-02";"6,71504022807103e-02";"5,34184869607322e-02";TRUE;FALSE;"6,32011298694848e-01";"0,66034816525707818";"0";"0";"0,000000000000000";"0,000000000000000";"0,000000000000000"
"PC4";"start_end_dist";"13";"-3,63555788308529e-01";"-2,69333415976676e-01";"-2,90272401420954e-01";FALSE;TRUE;"6,50036833559023e-02";"0,40744320655045663";"0";"0";"0,000000000000000";"1,000000000000000";"0,848677544678989"
"PC5";"abs_winding_angle_deg";"13";"-3,64093317346931e-04";"-2,49652482895109e-04";"-2,79752467927865e-04";FALSE;TRUE;"8,17546466531132e-02";"0,17572023575215920";"0";"0";"0,000000000000000";"0,878963092112997";"0,650044961669414"
"PC5";"axial_pitch_360";"13";"-4,17411258896396e-02";"-8,88655043207451e-03";"-3,18247712863966e-02";FALSE;TRUE;"8,58323981296266e-01";"0,97202513082180475";"0";"0";"0,000000000000000";"0,618774766982875";"0,000000000000000"
"PC5";"axial_span";"13";"-3,17983307220516e-01";"-3,00170859059430e-01";"-3,17983307220516e-01";FALSE;TRUE;"2,38676876964272e-01";"0,28905206872439865";"0";"0";"0,000000000000000";"0,000000000000000";"0,000000000000000"
"PC5";"centroid_size";"13";"-7,73868149809446e-05";"-3,48416012271549e-05";"-4,32753309843204e-05";FALSE;TRUE;"5,99534946804596e-01";"0,79219648371296447";"0";"0";"0,000000000000000";"0,627481276313833";"0,000000000000000"
"PC5";"fit_radius";"13";"2,25253173939866e-01";"1,20054350827400e+00";"3,26195165155915e-01";TRUE;FALSE;"2,22665935921370e-01";"0,76099192692154527";"0";"0";"0,000000000000000";"0,556021913352956";"0,000000000000000"
"PC5";"n_turns_abs";"13";"-1,31073594244895e-01";"-8,98748938423383e-02";"-1,00710888454067e-01";FALSE;TRUE;"8,17546466531131e-02";"0,17572023574833423";"0";"0";"0,000000000000000";"0,878963138261374";"0,650044961928371"
"PC5";"start_end_dist";"13";"-9,65125414866452e-02";"-2,37350246795603e-02";"-7,18280322585271e-02";FALSE;TRUE;"4,86134961645331e-01";"0,89125747684076106";"0";"0";"0,000000000000000";"0,808596541601108";"0,000000000000000"
"abs_winding_angle_deg";"axial_pitch_360";"13";"-3,09995507124729e+02";"-2,14558664878604e+02";"-3,09995507124729e+02";FALSE;TRUE;"4,11021648411706e-01";"0,56921733036823619";"0";"0";"0,000000000000000";"0,000000000000000";"0,000000000000000"
"abs_winding_angle_deg";"axial_span";"13";"5,98697411895302e+02";"7,74679758728469e+02";"6,47520149528247e+02";TRUE;FALSE;"1,90214454265994e-02";"0,11311129704344268";"5";"0";"0,000000000000000";"1,000000000000000";"0,890568607807672"
"abs_winding_angle_deg";"centroid_size";"13";"2,46965209113360e-01";"3,12537037196551e-01";"3,12537037196551e-01";TRUE;FALSE;"1,18337578989758e-01";"0,26310236971673812";"0";"0";"0,000000000000000";"1,000000000000000";"0,000000000000000"
"abs_winding_angle_deg";"fit_radius";"13";"-2,31659869653239e+03";"-2,21069956440191e+03";"-2,21069956440191e+03";FALSE;TRUE;"3,17503122924016e-02";"0,10565264914028764";"8";"0";"0,000000000000000";"0,000000000000000";"0,000000000000000"
"abs_winding_angle_deg";"start_end_dist";"13";"6,17448553284043e+02";"6,79827043792224e+02";"6,60727783966897e+02";TRUE;FALSE;"2,83175473449156e-07";"0,00228097261850587";"13";"13";"0,961607450218617";"1,000000000000000";"1,000000000000000"
"axial_pitch_360";"centroid_size";"13";"-2,34379664999088e-05";"5,62864928261617e-05";"-2,34379664999088e-05";FALSE;FALSE;"7,86426787304075e-01";"0,89638581987312427";"0";"0";"0,000000000000000";"1,000000000000000";"0,000000000000000"
"axial_pitch_360";"fit_radius";"13";"1,88539432658824e+00";"2,71410205644414e+00";"1,88539432658824e+00";TRUE;FALSE;"2,43969168099275e-02";"0,02966383436827870";"13";"13";"0,000000000000000";"0,000000000000000";"0,000000000000000"
"axial_span";"axial_pitch_360";"13";"6,13504703967703e-01";"7,58992423585247e-01";"6,13504703967703e-01";TRUE;FALSE;"4,56758625576753e-03";"0,01363505822099866";"13";"13";"0,000000000000000";"1,000000000000000";"0,000000000000000"
"axial_span";"centroid_size";"13";"6,72169700854666e-05";"1,07723449871166e-04";"6,72169700854666e-05";TRUE;FALSE;"5,31181209592364e-01";"0,65981976411872301";"0";"0";"0,000000000000000";"0,000000000000000";"0,000000000000000"
"axial_span";"fit_radius";"13";"5,50580819153338e-01";"5,89743538132871e-01";"5,50580819153338e-01";TRUE;FALSE;"5,03784743704553e-01";"0,62181511359447694";"0";"0";"0,000000000000000";"0,000000000000000";"0,000000000000000"
"fit_radius";"centroid_size";"13";"-7,42774478898463e-05";"-1,29362581419548e-05";"-5,84539458573161e-05";FALSE;TRUE;"1,67635489834043e-01";"0,82482513787375777";"0";"0";"0,000000000000000";"1,000000000000000";"0,926309078167990"
"n_turns_abs";"axial_pitch_360";"13";"-8,61098630902024e-01";"-5,95996291329454e-01";"-8,61098630902024e-01";FALSE;TRUE;"4,11021648411706e-01";"0,56921733036823674";"0";"0";"0,000000000000000";"0,000000000000000";"0,000000000000000"
"n_turns_abs";"axial_span";"13";"1,66304836666761e+00";"2,15188821869019e+00";"1,79866708202291e+00";TRUE;FALSE;"1,90214454265994e-02";"0,11311129704344251";"5";"0";"0,000000000000000";"1,000000000000000";"0,890568608092479"
"n_turns_abs";"centroid_size";"13";"6,86014469759334e-04";"8,68158436657085e-04";"8,68158436657085e-04";TRUE;FALSE;"1,18337578989758e-01";"0,26310236971673828";"0";"0";"0,000000000000000";"1,000000000000000";"0,000000000000000"
"n_turns_abs";"fit_radius";"13";"-6,43499637925665e+00";"-6,14083212333864e+00";"-6,14083212333864e+00";FALSE;TRUE;"3,17503122924016e-02";"0,10565264914028770";"8";"0";"0,000000000000000";"0,000000000000000";"0,000000000000000"
"n_turns_abs";"start_end_dist";"13";"1,71513487023346e+00";"1,88840845497840e+00";"1,83535495546360e+00";TRUE;FALSE;"2,83175473414997e-07";"0,00228097261850583";"13";"13";"0,961607450220469";"1,000000000000000";"1,000000000000000"
"start_end_dist";"axial_pitch_360";"13";"1,67214877384381e-01";"2,91775998853256e-01";"1,67214877384381e-01";TRUE;FALSE;"5,11225166320356e-01";"0,70623212606343899";"0";"0";"0,000000000000000";"0,000000000000000";"0,000000000000000"
"start_end_dist";"axial_span";"13";"8,78466975013736e-01";"9,75949348646563e-01";"8,78466975013736e-01";TRUE;FALSE;"3,25084424531205e-02";"0,06673865116999626";"5";"0";"0,000000000000000";"0,000000000000000";"0,000000000000000"
"start_end_dist";"centroid_size";"13";"3,31421887582375e-04";"3,88714379678075e-04";"3,88714379678075e-04";TRUE;FALSE;"9,05587470242589e-02";"0,18613504464493510";"0";"0";"0,000000000000000";"0,000000000000000";"0,000000000000000"
"start_end_dist";"fit_radius";"13";"-1,05575169515795e+00";"-4,06003195100307e-02";"-1,05575169515795e+00";FALSE;TRUE;"4,23879125427629e-01";"0,98225204414207135";"0";"0";"0,000000000000000";"0,000000000000000";"0,000000000000000"
