trait,node,estimate,variance,CI95_lower,CI95_upper,calibration_scheme
abs_winding_angle_deg,15,301.717867898804,1926.23778671821,215.695573803281,387.740161994327,archived_primary_223Ma_ceiling
abs_winding_angle_deg,16,296.244653336385,1603.88221533432,217.749596686757,374.739709986013,archived_primary_223Ma_ceiling
abs_winding_angle_deg,17,299.854047100974,1429.7290976878,225.743000004893,373.965094197054,archived_primary_223Ma_ceiling
abs_winding_angle_deg,18,304.125629299852,1328.81074559229,232.678030597955,375.573228001749,archived_primary_223Ma_ceiling
abs_winding_angle_deg,19,306.855671356738,1285.93639177647,236.570159032728,377.141183680747,archived_primary_223Ma_ceiling
abs_winding_angle_deg,20,330.148319959403,1317.45027030891,259.006792295045,401.289847623762,archived_primary_223Ma_ceiling
abs_winding_angle_deg,21,373.708678547125,1363.94664332414,301.32264795424,446.094709140009,archived_primary_223Ma_ceiling
abs_winding_angle_deg,22,406.66438406024,1064.27775553373,342.722774558615,470.605993561866,archived_primary_223Ma_ceiling
abs_winding_angle_deg,23,415.100842443398,783.913571332334,360.223867530141,469.977817356656,archived_primary_223Ma_ceiling
abs_winding_angle_deg,24,425.887512575006,839.907555997806,369.084441644632,482.690583505381,archived_primary_223Ma_ceiling
abs_winding_angle_deg,25,442.247427972549,543.267916586874,396.563535533746,487.931320411352,archived_primary_223Ma_ceiling
abs_winding_angle_deg,26,325.838942729916,1470.3839513885,250.681594535251,400.99629092458,archived_primary_223Ma_ceiling
abs_winding_angle_deg,27,227.45744956734,1573.91631958231,149.699125682964,305.215773451715,archived_primary_223Ma_ceiling
axial_span,15,0.157492266078981,0.000909998017215119,0.0983665662274475,0.216617965930514,archived_primary_223Ma_ceiling
axial_span,16,0.155719577091594,0.000757710001259742,0.101767573043186,0.209671581140001,archived_primary_223Ma_ceiling
axial_span,17,0.158165712783557,0.000675436154882671,0.107226969840712,0.209104455726402,archived_primary_223Ma_ceiling
axial_span,18,0.158900182632164,0.000627760057497003,0.109792107564203,0.208008257700125,archived_primary_223Ma_ceiling
axial_span,19,0.156301876342602,0.000607505249274054,0.107992538056809,0.204611214628396,archived_primary_223Ma_ceiling
axial_span,20,0.15809936649915,0.000622393113678449,0.109201663224793,0.206997069773508,archived_primary_223Ma_ceiling
axial_span,21,0.163175190378994,0.000644359045165879,0.113422102958119,0.212928277799869,archived_primary_223Ma_ceiling
axial_span,22,0.168125476442291,0.000502788728359388,0.124176492621668,0.212074460262915,archived_primary_223Ma_ceiling
axial_span,23,0.165876985446652,0.000370338387347192,0.128158396543659,0.203595574349645,archived_primary_223Ma_ceiling
axial_span,24,0.173435380503673,0.000396791204010272,0.134392928104703,0.212477832902643,archived_primary_223Ma_ceiling
axial_span,25,0.164926842876927,0.000256651972212071,0.133526934971809,0.196326750782045,archived_primary_223Ma_ceiling
axial_span,26,0.153996467177744,0.000694642421374223,0.102338570143977,0.20565436421151,archived_primary_223Ma_ceiling
axial_span,27,0.119425088241618,0.000743553438707379,0.0659794626943548,0.172870713788881,archived_primary_223Ma_ceiling
PC1,16,0.0709973141437437,0.00226522060521479,-0.0222875800084885,0.164282208295976,archived_primary_223Ma_ceiling
PC1,17,0.0675859597583574,0.00189653292162492,-0.0177704745141349,0.15294239403085,archived_primary_223Ma_ceiling
PC1,18,0.0610129141033671,0.00164346128336562,-0.0184447530293733,0.140470581236107,archived_primary_223Ma_ceiling
PC1,19,0.0574279659600933,0.00150718510679529,-0.0186640987133324,0.133520030633519,archived_primary_223Ma_ceiling
PC1,20,0.0538084264050504,0.00143319765661183,-0.0203924638702018,0.128009316680303,archived_primary_223Ma_ceiling
PC1,21,0.0532363403850582,0.0014120324117088,-0.0204146182836551,0.126887299053772,archived_primary_223Ma_ceiling
PC1,22,0.0190153347630605,0.00148275096309349,-0.0564574159475102,0.0944880854736312,archived_primary_223Ma_ceiling
PC1,23,-0.0163033333578628,0.00156011639624581,-0.0937200185608467,0.0611133518451211,archived_primary_223Ma_ceiling
PC1,24,-0.0422769348628693,0.00122392616716386,-0.110846860951328,0.0262929912255895,archived_primary_223Ma_ceiling
PC1,25,-0.0349586454596915,0.000902749789951895,-0.0938484034238673,0.0239311125044842,archived_primary_223Ma_ceiling
PC1,26,-0.0670511131006357,0.000967073974827104,-0.128002826626145,-0.00609939957512601,archived_primary_223Ma_ceiling
PC1,27,-0.0622263818072812,0.000625716225164098,-0.111254449794817,-0.0131983138197458,archived_primary_223Ma_ceiling
PC1,28,-0.0377297918976864,0.0016893614810482,-0.118289403773581,0.0428298199782082,archived_primary_223Ma_ceiling
PC1,29,0.207530790991122,0.00180565446949879,0.12424452435594,0.290817057626303,archived_primary_223Ma_ceiling
centroid_size,16,148.92234173118,713.829938958613,96.5558534633629,201.288829998997,archived_primary_223Ma_ceiling
centroid_size,17,151.265841456935,597.64685901228,103.350080233914,199.181602679956,archived_primary_223Ma_ceiling
centroid_size,18,156.117161835658,517.897402524503,111.512737598391,200.721586072926,archived_primary_223Ma_ceiling
centroid_size,19,162.621417607988,474.953234270531,119.906310856703,205.336524359273,archived_primary_223Ma_ceiling
centroid_size,20,167.238063604369,451.637864047172,125.584588136845,208.891539071893,archived_primary_223Ma_ceiling
centroid_size,21,174.430634258157,444.968144796695,133.085868869404,215.775399646909,archived_primary_223Ma_ceiling
centroid_size,22,186.933024066204,467.25339997315,144.565575932797,229.30047219961,archived_primary_223Ma_ceiling
centroid_size,23,204.97747053915,491.633260503066,161.518773670185,248.436167408115,archived_primary_223Ma_ceiling
centroid_size,24,216.443825034417,385.690973843842,177.951352457061,254.936297611773,archived_primary_223Ma_ceiling
centroid_size,25,208.715459509832,284.47994247128,175.657054421297,241.773864598367,archived_primary_223Ma_ceiling
centroid_size,26,230.479606170385,304.750166420915,196.263699937719,264.695512403051,archived_primary_223Ma_ceiling
centroid_size,27,219.161011239674,197.179459601441,191.638572902839,246.683449576509,archived_primary_223Ma_ceiling
centroid_size,28,196.357354653487,532.361748837845,151.134341769166,241.580367537808,archived_primary_223Ma_ceiling
centroid_size,29,194.508626206836,569.008694683159,147.754976065967,241.262276347706,archived_primary_223Ma_ceiling
abs_winding_angle_deg,15,300.635044184654,2182.92832515742,209.060279899264,392.209808470044,updated_195Ma_root_sensitivity
abs_winding_angle_deg,16,293.890450043675,1790.42734338778,210.95610443006,376.82479565729,updated_195Ma_root_sensitivity
abs_winding_angle_deg,17,299.152835798857,1538.03634440763,222.285935115427,376.019736482287,updated_195Ma_root_sensitivity
abs_winding_angle_deg,18,305.531374458329,1373.57639146857,232.890263058064,378.172485858594,updated_195Ma_root_sensitivity
abs_winding_angle_deg,19,308.916191067586,1291.12710498702,238.488967023768,379.343415111404,updated_195Ma_root_sensitivity
abs_winding_angle_deg,20,327.220985424801,1306.46313852489,256.376728120788,398.065242728814,updated_195Ma_root_sensitivity
abs_winding_angle_deg,21,375.79106068368,1345.6428497426,303.892371046308,447.689750321052,updated_195Ma_root_sensitivity
abs_winding_angle_deg,22,408.370309150024,1004.7123685879,346.243800837008,470.49681746304,updated_195Ma_root_sensitivity
abs_winding_angle_deg,23,415.500015121565,753.337595119528,361.703902758205,469.296127484924,updated_195Ma_root_sensitivity
abs_winding_angle_deg,24,425.906810064097,806.108609008484,370.258388412024,481.555231716171,updated_195Ma_root_sensitivity
abs_winding_angle_deg,25,442.451523536601,518.540088108456,397.819431915466,487.083615157737,updated_195Ma_root_sensitivity
abs_winding_angle_deg,26,324.753113811142,1428.13729317021,250.683334376864,398.822893245421,updated_195Ma_root_sensitivity
abs_winding_angle_deg,27,228.814537234669,1535.33025789854,152.015287767353,305.613786701985,updated_195Ma_root_sensitivity
axial_span,15,0.157232023533208,0.00104900250840762,0.0937509394506345,0.220713107615781,updated_195Ma_root_sensitivity
axial_span,16,0.155052693233394,0.000860386826580726,0.0975612848927337,0.212544101574054,updated_195Ma_root_sensitivity
axial_span,17,0.158676357832965,0.000739100759613504,0.105390998885772,0.211961716780158,updated_195Ma_root_sensitivity
axial_span,18,0.159746319803763,0.00066006980785139,0.109390345244214,0.210102294363311,updated_195Ma_root_sensitivity
axial_span,19,0.156183661890703,0.000620448942915602,0.107362389282294,0.205004934499111,updated_195Ma_root_sensitivity
axial_span,20,0.157651210033151,0.000627818647850415,0.108540843331383,0.206761576734919,updated_195Ma_root_sensitivity
axial_span,21,0.163372604438153,0.000646646391699083,0.113531288460832,0.213213920415475,updated_195Ma_root_sensitivity
axial_span,22,0.16836345024637,0.000482812826573616,0.125296365894569,0.211430534598172,updated_195Ma_root_sensitivity
axial_span,23,0.165999032599981,0.000362015105054427,0.12870671130488,0.203291353895083,updated_195Ma_root_sensitivity
axial_span,24,0.173371117401172,0.000387374126375814,0.134794745826264,0.211947488976079,updated_195Ma_root_sensitivity
axial_span,25,0.164802510413275,0.000249183560846621,0.133862834148834,0.195742186677715,updated_195Ma_root_sensitivity
axial_span,26,0.15374862719854,0.000686288956728793,0.102402277219507,0.205094977177573,updated_195Ma_root_sensitivity
axial_span,27,0.119701046448042,0.000737800354326129,0.066462584400578,0.172939508495506,updated_195Ma_root_sensitivity
PC1,16,0.0731534302198734,0.00268093501519965,-0.0283309525904436,0.17463781303019,updated_195Ma_root_sensitivity
PC1,17,0.0690613072406422,0.00220437817570745,-0.0229622723452321,0.161084886826517,updated_195Ma_root_sensitivity
PC1,18,0.0612802118598949,0.00189525109649294,-0.0240473722632202,0.14660779598301,updated_195Ma_root_sensitivity
PC1,19,0.0562733573951284,0.00169196561665323,-0.0243483215314174,0.136895036321674,updated_195Ma_root_sensitivity
PC1,20,0.0510137612163842,0.00155545885418749,-0.0262872784548043,0.128314800887573,updated_195Ma_root_sensitivity
PC1,21,0.0505344695181781,0.00148813332929395,-0.0250751396450468,0.126144078681403,updated_195Ma_root_sensitivity
PC1,22,0.0233200278146526,0.00152836460552384,-0.0533048080323518,0.0999448636616571,updated_195Ma_root_sensitivity
PC1,23,-0.0170178846957599,0.0015972835859361,-0.0953513042798182,0.0613155348882983,updated_195Ma_root_sensitivity
PC1,24,-0.0433144766460412,0.00119748107163983,-0.111139569973007,0.0245106166809242,updated_195Ma_root_sensitivity
PC1,25,-0.0354426160397008,0.000898774336990983,-0.0942025640739236,0.0233173319945219,updated_195Ma_root_sensitivity
PC1,26,-0.0666199370747234,0.000961605363807251,-0.127399071369331,-0.00584080278011589,updated_195Ma_root_sensitivity
PC1,27,-0.0620235006602904,0.000618719807337273,-0.110776695549106,-0.0132703057714744,updated_195Ma_root_sensitivity
PC1,28,-0.0376281736317092,0.00170068379796169,-0.118457295105653,0.043200947842235,updated_195Ma_root_sensitivity
PC1,29,0.205322753411928,0.00182634284502286,0.121560717420437,0.289084789403419,updated_195Ma_root_sensitivity
centroid_size,16,145.550797885345,808.529251340965,89.8188862731323,201.282709497557,updated_195Ma_root_sensitivity
centroid_size,17,148.259981131701,664.806952041835,97.7236339451076,198.796328318295,updated_195Ma_root_sensitivity
centroid_size,18,153.80067994019,571.578923570614,106.941554971953,200.659804908428,updated_195Ma_root_sensitivity
centroid_size,19,162.930179621523,510.271112716775,118.655384233935,207.20497500911,updated_195Ma_root_sensitivity
centroid_size,20,169.355133877623,469.102748010559,126.903925216886,211.806342538359,updated_195Ma_root_sensitivity
centroid_size,21,178.39355609968,448.798393026312,136.871225882676,219.915886316683,updated_195Ma_root_sensitivity
centroid_size,22,187.596738520873,460.93153443639,145.516878935903,229.676598105844,updated_195Ma_root_sensitivity
centroid_size,23,206.863054914495,481.716451385135,163.844896892084,249.881212936906,updated_195Ma_root_sensitivity
centroid_size,24,217.571141109097,361.142089927095,180.323812981244,254.818469236949,updated_195Ma_root_sensitivity
centroid_size,25,209.236982863739,271.056678991406,176.967936735702,241.506028991776,updated_195Ma_root_sensitivity
centroid_size,26,230.50531400482,290.005561670294,197.127396668464,263.883231341176,updated_195Ma_root_sensitivity
centroid_size,27,219.032906665115,186.596489575477,192.259242844989,245.806570485242,updated_195Ma_root_sensitivity
centroid_size,28,196.803753398119,512.900383686202,152.415037332334,241.192469463905,updated_195Ma_root_sensitivity
centroid_size,29,195.64316172415,550.797242307753,149.643784706092,241.642538742208,updated_195Ma_root_sensitivity
