"specimen_id","joint_type","joint_type_strict","screw_state","abs_winding_angle_deg","signed_winding_angle_deg","axial_span","endpoint_equivalent_axial_pitch_360","start_end_dist","fit_radius","radial_circle_fit_rms"
"15_mononychus_punctumalbum_trochanter_aligned","True screw-nut joint","True screw-nut joint","clear",480.54614,-480.54614,0.130128,0.097485082285751,0.441211,0.247285,0.002716
"300_phaenomerus_foveipennis_trochanter_aligned","True screw-nut joint","True screw-nut joint","clear",469.036179,-469.036179,0.247062,0.18962784531809,0.476755,0.252648,0.003588
"301_scobinoides_dentatus_trochanter_aligned","True screw-nut joint","True screw-nut joint","clear",478.310443,-478.310443,0.281979,0.212231285111205,0.482368,0.221217,0.011249
"302_trochanter_aligned","True screw-nut joint","True screw-nut joint","clear",461.649762,-461.649762,0.182323,0.142177653716629,0.387482,0.221708,0.006982
"303_perapion_curtirostre_trochanter_aligned","True screw-nut joint","True screw-nut joint","clear",40.71812,40.71812,0.201313,1.77986311745238,0.348906,0.410023,0.001133
"304_merynchites_trochanter_aligned","True screw-nut joint","True screw-nut joint","clear",234.688062,-234.688062,0.301728,0.462835983536308,0.564796,0.267618,0.001234
"305_euplatypus_paralellus_trochanter_aligned","True screw-nut joint","True screw-nut joint","clear",311.19565,-311.19565,0.10678,0.123526148260749,0.226095,0.23993,0.003375
"306_proterhinus_trochanter_aligned","Socket-guided rotational joint","Socket-guided rotational joint","clear",94.866261,-94.866261,0.058936,0.223651272605758,0.346934,0.232272,0.000596
"307_trochanter_aligned","True screw-nut joint","True screw-nut joint","clear",340.947119,-340.947119,0.177271,0.187177296547269,0.19899,0.272071,0.005891
"308_lisshorhoptrus_oryzophilus_trochanter_aligned","True screw-nut joint","True screw-nut joint","clear",503.755212,-503.755212,0.173184,0.123762967637544,0.529511,0.260211,0.004747
"309_listronotus_trochanter_aligned","True screw-nut joint","True screw-nut joint","clear",486.68609,-486.68609,0.134208,0.0992731885967811,0.439511,0.248533,0.006365
"311_neochetina_trochanter_aligned","True screw-nut joint","True screw-nut joint","clear",471.97306,-471.97306,0.220297,0.168032726274673,0.441345,0.237982,0.003612
"312_metapocyrtus_adspersus_trochanter_aligned","True screw-nut joint","True screw-nut joint","clear",466.58009,-466.58009,0.19371,0.149461156818758,0.419022,0.23203,0.004284
"313_sitona_hispidulus_trochanter_aligned","True screw-nut joint","True screw-nut joint","clear",475.265887,-475.265887,0.194523,0.147345479478943,0.464786,0.244191,0.006306
"315_trochanter_aligned","True screw-nut joint","True screw-nut joint","clear",456.62014,-456.62014,0.121682,0.0959342704419477,0.42205,0.27274,0.012706
"316_hypera_postica_trochanter_aligned","True screw-nut joint","True screw-nut joint","clear",483.198663,-483.198663,0.170296,0.126876510003919,0.455326,0.236717,0.007947
"317_brentus_trochanter_mirrored_aligned","True screw-nut joint","True screw-nut joint","clear",482.803814,-482.803814,0.131192,0.0978225909375273,0.401853,0.22254,0.005054
"318_car_pini_trochanter_mirrored_aligned","True screw-nut joint","True screw-nut joint","clear",340.827121,-340.827121,0.234019,0.247183498052668,0.250791,0.271549,0.004246
"a_fallax_trochanter_aligned","True screw-nut joint","True screw-nut joint","clear",437.428339,-437.428339,0.184531,0.151867526808774,0.348916,0.245044,0.005108
"adexius_scrobipennis_trochanter_aligned","True screw-nut joint","True screw-nut joint","clear",450.99387,-450.99387,0.220828,0.176273083268294,0.422255,0.255166,0.005955
"archarius_pyrrhoceras_trochanter_aligned","True screw-nut joint","True screw-nut joint","clear",464.151238,-464.151238,0.134936,0.104657611620978,0.3973,0.241762,0.00431
"b_porcatus_trochanter_aligned","True screw-nut joint","True screw-nut joint","clear",493.947952,-493.947952,0.285095,0.207783430591084,0.60457,0.280555,0.009828
"barypeithes_araneiformis_trochanter_aligned","True screw-nut joint","True screw-nut joint","clear",369.788138,-369.788138,0.189969,0.184940599690085,0.194463,0.234955,0.005911
"brachysomus_hirtus_trochanter_aligned","True screw-nut joint","True screw-nut joint","clear",422.390684,-422.390684,0.173391,0.147779679724186,0.308856,0.251639,0.004873
"c_cinctus_trochanter_aligned","True screw-nut joint","True screw-nut joint","clear",467.988066,-467.988066,0.129062,0.0992809932037882,0.407248,0.23976,0.003328
"c_glandium_trochanter_aligned","True screw-nut joint","True screw-nut joint","clear",455.310017,-455.310017,0.137884,0.109020751019409,0.37412,0.239642,0.005125
"c_tuberculosus_trochanter_aligned","True screw-nut joint","True screw-nut joint","clear",396.607408,-396.607408,0.102098,0.0926742144967701,0.19945,0.2695,0.003174
"cleopus_solani_trochanter_aligned","True screw-nut joint","True screw-nut joint","clear",385.690997,-385.690997,0.089522,0.0835589117990224,0.137694,0.234528,0.004079
"coenorhinus_pauxillus_trochanter_aligned","Unopposed screw configuration","Unopposed screw configuration","clear",202.855701,-202.855701,0.124127,0.220283284027596,0.551985,0.275572,0.000904
"dorytomus_taeniatus_trochanter_aligned","True screw-nut joint","True screw-nut joint","clear",409.888308,-409.888308,0.153089,0.134456238258936,0.245314,0.223353,0.004574
"dryophthorus_corticalis_trochanter_aligned","True screw-nut joint","True screw-nut joint","clear",31.709408,31.709408,0.19682,2.23451664565923,0.287903,0.375427,0.034467
"e_hypocrita_trochanter_aligned","True screw-nut joint","True screw-nut joint","clear",428.740658,-428.740658,0.170569,0.143221406354235,0.330219,0.255742,0.004708
"e_micros_trochanter_aligned","True screw-nut joint","True screw-nut joint","clear",417.396368,-417.396368,0.219438,0.189262978924627,0.324795,0.25658,0.005826
"hylesinus_crenatus_trochanter_aligned","True screw-nut joint","True screw-nut joint","clear",421.136852,-421.136852,0.120422,0.102940219536997,0.258235,0.224859,0.004239
"hylurgops_palliatus_trochanter_aligned","True screw-nut joint","True screw-nut joint","clear",443.81229,-443.81229,0.134063,0.108745704180477,0.329313,0.224153,0.005243
"larinus_turbinatus_trochanter_aligned","True screw-nut joint","True screw-nut joint","clear",443.044354,-443.044354,0.141423,0.114914634483752,0.359075,0.240488,0.004607
"leiosoma_deflexum_trochanter_aligned","True screw-nut joint","True screw-nut joint","clear",469.051971,-469.051971,0.147864,0.11348644348837,0.426832,0.248465,0.005902
"leperisinus_fraxini_trochanter_aligned","True screw-nut joint","True screw-nut joint","clear",411.278199,-411.278199,0.139982,0.122529032957567,0.248847,0.241108,0.006668
"limnobaris_t_trochanter_aligned","True screw-nut joint","True screw-nut joint","clear",442.997586,-442.997586,0.175143,0.142329172872739,0.378068,0.252451,0.004506
"n_marmoratus_trochanter_aligned","Unopposed screw configuration","Unopposed screw configuration","clear",216.684586,-216.684586,0.093922,0.156042109981926,0.318155,0.158605,0.002497
"n_quadrimaculatus_trochanter_mirrored_aligned","True screw-nut joint","True screw-nut joint","clear",481.353861,-481.353861,0.120531,0.0901439949185325,0.42397,0.235347,0.005308
"orchestes_testaceus_trochanter_aligned","True screw-nut joint","True screw-nut joint","clear",386.610489,-386.610489,0.123832,0.115308614919654,0.166384,0.241996,0.00403
"otiorynchus_singularis_trochanter_aligned","True screw-nut joint","True screw-nut joint","clear",484.058226,-484.058226,0.164429,0.122287850552921,0.446207,0.225472,0.006837
"oxystoma_trochanter_aligned","True screw-nut joint","True screw-nut joint","clear",247.47055,-247.47055,0.082964,0.120689269894943,0.260666,0.148557,0.000959
"p_pollinarius_trochanter_aligned","True screw-nut joint","True screw-nut joint","clear",485.847477,-485.847477,0.153612,0.113822387926077,0.466567,0.248076,0.003997
"phyllobius_trochanter_aligned","True screw-nut joint","True screw-nut joint","clear",336.9734,-336.9734,0.137218,0.146594597674475,0.160192,0.219728,0.008287
"polydrusus_marginatus_trochanter_aligned","True screw-nut joint","True screw-nut joint","clear",320.835457,-320.835457,0.047373,0.05315584555232,0.152652,0.22291,0.008427
"protapion_trochanter_aligned","True screw-nut joint","True screw-nut joint","clear",273.135608,-273.135608,0.008466,0.0111584132962993,0.221502,0.161165,0.001258
"rhinusa_tetra_trochanter_mirrored_aligned","True screw-nut joint","True screw-nut joint","clear",340.867786,-340.867786,0.153218,0.161817814018952,0.169259,0.213537,0.004462
"rynchites_cupreus_trochanter_aligned","Unopposed screw configuration","Unopposed screw configuration","clear",354.443564,-354.443564,0.191255,0.194253209800136,0.193223,0.268672,0.002793
"s_capitatum_trochanter_aligned","True screw-nut joint","True screw-nut joint","clear",373.03375,-373.03375,0.129198,0.124683838928783,0.139755,0.237702,0.005099
"s_melanogtammum_trochanter_aligned","True screw-nut joint","True screw-nut joint","clear",464.168838,-464.168838,0.134236,0.104110737395086,0.406174,0.23712,0.004816
"scolytus_carpini_trochanter_aligned","True screw-nut joint","True screw-nut joint","clear",426.173325,-426.173325,0.16252,0.137284988449242,0.284561,0.218017,0.004208
"sibinia_pellucens_trochanter_aligned","True screw-nut joint","True screw-nut joint","clear",477.847401,-477.847401,0.243377,0.183355020486969,0.477848,0.23978,0.006006
"sitona_trochanter_aligned","True screw-nut joint","True screw-nut joint","clear",431.565136,-431.565136,0.171308,0.142900514558711,0.336681,0.247022,0.006238
"t_plicicollis_trochanter_aligned","True screw-nut joint","True screw-nut joint","clear",412.128618,-412.128618,0.288077,0.251639210359325,0.353823,0.240357,0.004397
"t_pseudonasutus_trochanter_aligned","True screw-nut joint","True screw-nut joint","clear",378.513216,-378.513216,0.292998,0.278667363625158,0.302902,0.243158,0.002582
"xylocleptes_bispinus_trochanter_aligned","True screw-nut joint","True screw-nut joint","clear",356.143862,-356.143862,0.206679,0.208916811263197,0.207508,0.223337,0.005818
"xylosandrus_germanus_trochanter_aligned","True screw-nut joint","True screw-nut joint","clear",455.506781,-455.506781,0.225347,0.178098160958003,0.413459,0.234071,0.00517
"240_anthribus_nebulosus_trochanter_aligned",,,,419.373211,419.373211,0.195599,0.167906862319825,0.297333,0.241858,0.010589
